包名,版本,声明许可证,本机元数据路径,范围说明
7zip-bin,5.1.1,MIT,node_modules/7zip-bin/package.json,已安装依赖，含开发依赖；分发范围需结合锁文件和安装包确认
@ampproject/remapping,2.2.0,Apache-2.0,node_modules/@ampproject/remapping/package.json,已安装依赖，含开发依赖；分发范围需结合锁文件和安装包确认
@babel/code-frame,7.10.4,MIT,node_modules/@babel/code-frame/package.json,已安装依赖，含开发依赖；分发范围需结合锁文件和安装包确认
@babel/code-frame,7.18.6,MIT,node_modules/@babel/core/node_modules/@babel/code-frame/package.json,已安装依赖，含开发依赖；分发范围需结合锁文件和安装包确认
@babel/code-frame,7.18.6,MIT,node_modules/@babel/template/node_modules/@babel/code-frame/package.json,已安装依赖，含开发依赖；分发范围需结合锁文件和安装包确认
@babel/code-frame,7.18.6,MIT,node_modules/@babel/traverse/node_modules/@babel/code-frame/package.json,已安装依赖，含开发依赖；分发范围需结合锁文件和安装包确认
@babel/compat-data,7.20.1,MIT,node_modules/@babel/compat-data/package.json,已安装依赖，含开发依赖；分发范围需结合锁文件和安装包确认
@babel/core,7.20.2,MIT,node_modules/@babel/core/package.json,已安装依赖，含开发依赖；分发范围需结合锁文件和安装包确认
@babel/eslint-parser,7.19.1,MIT,node_modules/@babel/eslint-parser/package.json,已安装依赖，含开发依赖；分发范围需结合锁文件和安装包确认
@babel/generator,7.12.1,MIT,node_modules/babel-eslint/node_modules/@babel/generator/package.json,已安装依赖，含开发依赖；分发范围需结合锁文件和安装包确认
@babel/generator,7.12.1,MIT,node_modules/styled-components/node_modules/@babel/generator/package.json,已安装依赖，含开发依赖；分发范围需结合锁文件和安装包确认
@babel/generator,7.20.4,MIT,node_modules/@babel/generator/package.json,已安装依赖，含开发依赖；分发范围需结合锁文件和安装包确认
@babel/helper-annotate-as-pure,7.10.4,MIT,node_modules/@babel/preset-modules/node_modules/@babel/helper-annotate-as-pure/package.json,已安装依赖，含开发依赖；分发范围需结合锁文件和安装包确认
@babel/helper-annotate-as-pure,7.10.4,MIT,node_modules/babel-plugin-styled-components/node_modules/@babel/helper-annotate-as-pure/package.json,已安装依赖，含开发依赖；分发范围需结合锁文件和安装包确认
@babel/helper-annotate-as-pure,7.18.6,MIT,node_modules/@babel/helper-annotate-as-pure/package.json,已安装依赖，含开发依赖；分发范围需结合锁文件和安装包确认
@babel/helper-builder-binary-assignment-operator-visitor,7.18.9,MIT,node_modules/@babel/helper-builder-binary-assignment-operator-visitor/package.json,已安装依赖，含开发依赖；分发范围需结合锁文件和安装包确认
@babel/helper-builder-react-jsx,7.19.0,MIT,node_modules/@babel/helper-builder-react-jsx/package.json,已安装依赖，含开发依赖；分发范围需结合锁文件和安装包确认
@babel/helper-compilation-targets,7.20.0,MIT,node_modules/@babel/helper-compilation-targets/package.json,已安装依赖，含开发依赖；分发范围需结合锁文件和安装包确认
@babel/helper-create-class-features-plugin,7.20.2,MIT,node_modules/@babel/helper-create-class-features-plugin/package.json,已安装依赖，含开发依赖；分发范围需结合锁文件和安装包确认
@babel/helper-create-regexp-features-plugin,7.12.1,MIT,node_modules/@babel/preset-modules/node_modules/@babel/helper-create-regexp-features-plugin/package.json,已安装依赖，含开发依赖；分发范围需结合锁文件和安装包确认
@babel/helper-create-regexp-features-plugin,7.19.0,MIT,node_modules/@babel/helper-create-regexp-features-plugin/package.json,已安装依赖，含开发依赖；分发范围需结合锁文件和安装包确认
@babel/helper-define-polyfill-provider,0.3.3,MIT,node_modules/@babel/helper-define-polyfill-provider/package.json,已安装依赖，含开发依赖；分发范围需结合锁文件和安装包确认
@babel/helper-environment-visitor,7.18.9,MIT,node_modules/@babel/helper-environment-visitor/package.json,已安装依赖，含开发依赖；分发范围需结合锁文件和安装包确认
@babel/helper-explode-assignable-expression,7.18.6,MIT,node_modules/@babel/helper-explode-assignable-expression/package.json,已安装依赖，含开发依赖；分发范围需结合锁文件和安装包确认
@babel/helper-function-name,7.10.4,MIT,node_modules/babel-eslint/node_modules/@babel/helper-function-name/package.json,已安装依赖，含开发依赖；分发范围需结合锁文件和安装包确认
@babel/helper-function-name,7.10.4,MIT,node_modules/styled-components/node_modules/@babel/helper-function-name/package.json,已安装依赖，含开发依赖；分发范围需结合锁文件和安装包确认
@babel/helper-function-name,7.19.0,MIT,node_modules/@babel/helper-function-name/package.json,已安装依赖，含开发依赖；分发范围需结合锁文件和安装包确认
@babel/helper-get-function-arity,7.10.4,MIT,node_modules/@babel/helper-get-function-arity/package.json,已安装依赖，含开发依赖；分发范围需结合锁文件和安装包确认
@babel/helper-hoist-variables,7.18.6,MIT,node_modules/@babel/helper-hoist-variables/package.json,已安装依赖，含开发依赖；分发范围需结合锁文件和安装包确认
@babel/helper-member-expression-to-functions,7.18.9,MIT,node_modules/@babel/helper-member-expression-to-functions/package.json,已安装依赖，含开发依赖；分发范围需结合锁文件和安装包确认
@babel/helper-module-imports,7.12.1,MIT,node_modules/babel-plugin-styled-components/node_modules/@babel/helper-module-imports/package.json,已安装依赖，含开发依赖；分发范围需结合锁文件和安装包确认
@babel/helper-module-imports,7.12.1,MIT,node_modules/styled-components/node_modules/@babel/helper-module-imports/package.json,已安装依赖，含开发依赖；分发范围需结合锁文件和安装包确认
@babel/helper-module-imports,7.18.6,MIT,node_modules/@babel/helper-module-imports/package.json,已安装依赖，含开发依赖；分发范围需结合锁文件和安装包确认
@babel/helper-module-transforms,7.20.2,MIT,node_modules/@babel/helper-module-transforms/package.json,已安装依赖，含开发依赖；分发范围需结合锁文件和安装包确认
@babel/helper-optimise-call-expression,7.18.6,MIT,node_modules/@babel/helper-optimise-call-expression/package.json,已安装依赖，含开发依赖；分发范围需结合锁文件和安装包确认
@babel/helper-plugin-utils,7.10.4,MIT,node_modules/@babel/plugin-syntax-async-generators/node_modules/@babel/helper-plugin-utils/package.json,已安装依赖，含开发依赖；分发范围需结合锁文件和安装包确认
@babel/helper-plugin-utils,7.10.4,MIT,node_modules/@babel/plugin-syntax-dynamic-import/node_modules/@babel/helper-plugin-utils/package.json,已安装依赖，含开发依赖；分发范围需结合锁文件和安装包确认
@babel/helper-plugin-utils,7.10.4,MIT,node_modules/@babel/plugin-syntax-export-namespace-from/node_modules/@babel/helper-plugin-utils/package.json,已安装依赖，含开发依赖；分发范围需结合锁文件和安装包确认
@babel/helper-plugin-utils,7.10.4,MIT,node_modules/@babel/plugin-syntax-import-meta/node_modules/@babel/helper-plugin-utils/package.json,已安装依赖，含开发依赖；分发范围需结合锁文件和安装包确认
@babel/helper-plugin-utils,7.10.4,MIT,node_modules/@babel/plugin-syntax-json-strings/node_modules/@babel/helper-plugin-utils/package.json,已安装依赖，含开发依赖；分发范围需结合锁文件和安装包确认
@babel/helper-plugin-utils,7.10.4,MIT,node_modules/@babel/plugin-syntax-logical-assignment-operators/node_modules/@babel/helper-plugin-utils/package.json,已安装依赖，含开发依赖；分发范围需结合锁文件和安装包确认
@babel/helper-plugin-utils,7.10.4,MIT,node_modules/@babel/plugin-syntax-nullish-coalescing-operator/node_modules/@babel/helper-plugin-utils/package.json,已安装依赖，含开发依赖；分发范围需结合锁文件和安装包确认
@babel/helper-plugin-utils,7.10.4,MIT,node_modules/@babel/plugin-syntax-numeric-separator/node_modules/@babel/helper-plugin-utils/package.json,已安装依赖，含开发依赖；分发范围需结合锁文件和安装包确认
@babel/helper-plugin-utils,7.10.4,MIT,node_modules/@babel/plugin-syntax-object-rest-spread/node_modules/@babel/helper-plugin-utils/package.json,已安装依赖，含开发依赖；分发范围需结合锁文件和安装包确认
@babel/helper-plugin-utils,7.10.4,MIT,node_modules/@babel/plugin-syntax-optional-catch-binding/node_modules/@babel/helper-plugin-utils/package.json,已安装依赖，含开发依赖；分发范围需结合锁文件和安装包确认
@babel/helper-plugin-utils,7.10.4,MIT,node_modules/@babel/plugin-syntax-optional-chaining/node_modules/@babel/helper-plugin-utils/package.json,已安装依赖，含开发依赖；分发范围需结合锁文件和安装包确认
@babel/helper-plugin-utils,7.10.4,MIT,node_modules/@babel/preset-modules/node_modules/@babel/helper-plugin-utils/package.json,已安装依赖，含开发依赖；分发范围需结合锁文件和安装包确认
@babel/helper-plugin-utils,7.20.2,MIT,node_modules/@babel/helper-plugin-utils/package.json,已安装依赖，含开发依赖；分发范围需结合锁文件和安装包确认
@babel/helper-regex,7.10.5,MIT,node_modules/@babel/helper-regex/package.json,已安装依赖，含开发依赖；分发范围需结合锁文件和安装包确认
@babel/helper-remap-async-to-generator,7.18.9,MIT,node_modules/@babel/helper-remap-async-to-generator/package.json,已安装依赖，含开发依赖；分发范围需结合锁文件和安装包确认
@babel/helper-replace-supers,7.19.1,MIT,node_modules/@babel/helper-replace-supers/package.json,已安装依赖，含开发依赖；分发范围需结合锁文件和安装包确认
@babel/helper-simple-access,7.20.2,MIT,node_modules/@babel/helper-simple-access/package.json,已安装依赖，含开发依赖；分发范围需结合锁文件和安装包确认
@babel/helper-skip-transparent-expression-wrappers,7.20.0,MIT,node_modules/@babel/helper-skip-transparent-expression-wrappers/package.json,已安装依赖，含开发依赖；分发范围需结合锁文件和安装包确认
@babel/helper-split-export-declaration,7.11.0,MIT,node_modules/babel-eslint/node_modules/@babel/helper-split-export-declaration/package.json,已安装依赖，含开发依赖；分发范围需结合锁文件和安装包确认
@babel/helper-split-export-declaration,7.11.0,MIT,node_modules/styled-components/node_modules/@babel/helper-split-export-declaration/package.json,已安装依赖，含开发依赖；分发范围需结合锁文件和安装包确认
@babel/helper-split-export-declaration,7.18.6,MIT,node_modules/@babel/helper-split-export-declaration/package.json,已安装依赖，含开发依赖；分发范围需结合锁文件和安装包确认
@babel/helper-string-parser,7.19.4,MIT,node_modules/@babel/helper-string-parser/package.json,已安装依赖，含开发依赖；分发范围需结合锁文件和安装包确认
@babel/helper-validator-identifier,7.10.4,MIT,node_modules/@babel/helper-get-function-arity/node_modules/@babel/helper-validator-identifier/package.json,已安装依赖，含开发依赖；分发范围需结合锁文件和安装包确认
@babel/helper-validator-identifier,7.10.4,MIT,node_modules/@babel/highlight/node_modules/@babel/helper-validator-identifier/package.json,已安装依赖，含开发依赖；分发范围需结合锁文件和安装包确认
@babel/helper-validator-identifier,7.10.4,MIT,node_modules/@babel/preset-modules/node_modules/@babel/helper-validator-identifier/package.json,已安装依赖，含开发依赖；分发范围需结合锁文件和安装包确认
@babel/helper-validator-identifier,7.10.4,MIT,node_modules/babel-eslint/node_modules/@babel/helper-validator-identifier/package.json,已安装依赖，含开发依赖；分发范围需结合锁文件和安装包确认
@babel/helper-validator-identifier,7.10.4,MIT,node_modules/babel-plugin-styled-components/node_modules/@babel/helper-validator-identifier/package.json,已安装依赖，含开发依赖；分发范围需结合锁文件和安装包确认
@babel/helper-validator-identifier,7.10.4,MIT,node_modules/styled-components/node_modules/@babel/helper-validator-identifier/package.json,已安装依赖，含开发依赖；分发范围需结合锁文件和安装包确认
@babel/helper-validator-identifier,7.19.1,MIT,node_modules/@babel/helper-validator-identifier/package.json,已安装依赖，含开发依赖；分发范围需结合锁文件和安装包确认
@babel/helper-validator-option,7.18.6,MIT,node_modules/@babel/helper-validator-option/package.json,已安装依赖，含开发依赖；分发范围需结合锁文件和安装包确认
@babel/helper-wrap-function,7.19.0,MIT,node_modules/@babel/helper-wrap-function/package.json,已安装依赖，含开发依赖；分发范围需结合锁文件和安装包确认
@babel/helpers,7.20.1,MIT,node_modules/@babel/helpers/package.json,已安装依赖，含开发依赖；分发范围需结合锁文件和安装包确认
@babel/highlight,7.10.4,MIT,node_modules/@babel/highlight/package.json,已安装依赖，含开发依赖；分发范围需结合锁文件和安装包确认
@babel/highlight,7.18.6,MIT,node_modules/@babel/core/node_modules/@babel/highlight/package.json,已安装依赖，含开发依赖；分发范围需结合锁文件和安装包确认
@babel/highlight,7.18.6,MIT,node_modules/@babel/template/node_modules/@babel/highlight/package.json,已安装依赖，含开发依赖；分发范围需结合锁文件和安装包确认
@babel/highlight,7.18.6,MIT,node_modules/@babel/traverse/node_modules/@babel/highlight/package.json,已安装依赖，含开发依赖；分发范围需结合锁文件和安装包确认
@babel/parser,7.12.3,MIT,node_modules/@babel/parser/package.json,已安装依赖，含开发依赖；分发范围需结合锁文件和安装包确认
@babel/parser,7.20.3,MIT,node_modules/@babel/core/node_modules/@babel/parser/package.json,已安装依赖，含开发依赖；分发范围需结合锁文件和安装包确认
@babel/parser,7.20.3,MIT,node_modules/@babel/template/node_modules/@babel/parser/package.json,已安装依赖，含开发依赖；分发范围需结合锁文件和安装包确认
@babel/parser,7.20.3,MIT,node_modules/@babel/traverse/node_modules/@babel/parser/package.json,已安装依赖，含开发依赖；分发范围需结合锁文件和安装包确认
@babel/plugin-bugfix-safari-id-destructuring-collision-in-function-expression,7.18.6,MIT,node_modules/@babel/plugin-bugfix-safari-id-destructuring-collision-in-function-expression/package.json,已安装依赖，含开发依赖；分发范围需结合锁文件和安装包确认
@babel/plugin-bugfix-v8-spread-parameters-in-optional-chaining,7.18.9,MIT,node_modules/@babel/plugin-bugfix-v8-spread-parameters-in-optional-chaining/package.json,已安装依赖，含开发依赖；分发范围需结合锁文件和安装包确认
@babel/plugin-proposal-async-generator-functions,7.20.1,MIT,node_modules/@babel/plugin-proposal-async-generator-functions/package.json,已安装依赖，含开发依赖；分发范围需结合锁文件和安装包确认
@babel/plugin-proposal-class-properties,7.18.6,MIT,node_modules/@babel/plugin-proposal-class-properties/package.json,已安装依赖，含开发依赖；分发范围需结合锁文件和安装包确认
@babel/plugin-proposal-class-static-block,7.18.6,MIT,node_modules/@babel/plugin-proposal-class-static-block/package.json,已安装依赖，含开发依赖；分发范围需结合锁文件和安装包确认
@babel/plugin-proposal-decorators,7.20.2,MIT,node_modules/@babel/plugin-proposal-decorators/package.json,已安装依赖，含开发依赖；分发范围需结合锁文件和安装包确认
@babel/plugin-proposal-do-expressions,7.18.6,MIT,node_modules/@babel/plugin-proposal-do-expressions/package.json,已安装依赖，含开发依赖；分发范围需结合锁文件和安装包确认
@babel/plugin-proposal-dynamic-import,7.18.6,MIT,node_modules/@babel/plugin-proposal-dynamic-import/package.json,已安装依赖，含开发依赖；分发范围需结合锁文件和安装包确认
@babel/plugin-proposal-export-default-from,7.18.10,MIT,node_modules/@babel/plugin-proposal-export-default-from/package.json,已安装依赖，含开发依赖；分发范围需结合锁文件和安装包确认
@babel/plugin-proposal-export-namespace-from,7.18.9,MIT,node_modules/@babel/plugin-proposal-export-namespace-from/package.json,已安装依赖，含开发依赖；分发范围需结合锁文件和安装包确认
@babel/plugin-proposal-function-bind,7.18.9,MIT,node_modules/@babel/plugin-proposal-function-bind/package.json,已安装依赖，含开发依赖；分发范围需结合锁文件和安装包确认
@babel/plugin-proposal-function-sent,7.18.6,MIT,node_modules/@babel/plugin-proposal-function-sent/package.json,已安装依赖，含开发依赖；分发范围需结合锁文件和安装包确认
@babel/plugin-proposal-json-strings,7.18.6,MIT,node_modules/@babel/plugin-proposal-json-strings/package.json,已安装依赖，含开发依赖；分发范围需结合锁文件和安装包确认
@babel/plugin-proposal-logical-assignment-operators,7.18.9,MIT,node_modules/@babel/plugin-proposal-logical-assignment-operators/package.json,已安装依赖，含开发依赖；分发范围需结合锁文件和安装包确认
@babel/plugin-proposal-nullish-coalescing-operator,7.18.6,MIT,node_modules/@babel/plugin-proposal-nullish-coalescing-operator/package.json,已安装依赖，含开发依赖；分发范围需结合锁文件和安装包确认
@babel/plugin-proposal-numeric-separator,7.18.6,MIT,node_modules/@babel/plugin-proposal-numeric-separator/package.json,已安装依赖，含开发依赖；分发范围需结合锁文件和安装包确认
@babel/plugin-proposal-object-rest-spread,7.20.2,MIT,node_modules/@babel/plugin-proposal-object-rest-spread/package.json,已安装依赖，含开发依赖；分发范围需结合锁文件和安装包确认
@babel/plugin-proposal-optional-catch-binding,7.18.6,MIT,node_modules/@babel/plugin-proposal-optional-catch-binding/package.json,已安装依赖，含开发依赖；分发范围需结合锁文件和安装包确认
@babel/plugin-proposal-optional-chaining,7.18.9,MIT,node_modules/@babel/plugin-proposal-optional-chaining/package.json,已安装依赖，含开发依赖；分发范围需结合锁文件和安装包确认
@babel/plugin-proposal-pipeline-operator,7.18.9,MIT,node_modules/@babel/plugin-proposal-pipeline-operator/package.json,已安装依赖，含开发依赖；分发范围需结合锁文件和安装包确认
@babel/plugin-proposal-private-methods,7.18.6,MIT,node_modules/@babel/plugin-proposal-private-methods/package.json,已安装依赖，含开发依赖；分发范围需结合锁文件和安装包确认
@babel/plugin-proposal-private-property-in-object,7.18.6,MIT,node_modules/@babel/plugin-proposal-private-property-in-object/package.json,已安装依赖，含开发依赖；分发范围需结合锁文件和安装包确认
@babel/plugin-proposal-throw-expressions,7.18.6,MIT,node_modules/@babel/plugin-proposal-throw-expressions/package.json,已安装依赖，含开发依赖；分发范围需结合锁文件和安装包确认
@babel/plugin-proposal-unicode-property-regex,7.12.1,MIT,node_modules/@babel/preset-modules/node_modules/@babel/plugin-proposal-unicode-property-regex/package.json,已安装依赖，含开发依赖；分发范围需结合锁文件和安装包确认
@babel/plugin-proposal-unicode-property-regex,7.18.6,MIT,node_modules/@babel/plugin-proposal-unicode-property-regex/package.json,已安装依赖，含开发依赖；分发范围需结合锁文件和安装包确认
@babel/plugin-syntax-async-generators,7.8.4,MIT,node_modules/@babel/plugin-syntax-async-generators/package.json,已安装依赖，含开发依赖；分发范围需结合锁文件和安装包确认
@babel/plugin-syntax-class-properties,7.12.13,MIT,node_modules/@babel/plugin-syntax-class-properties/package.json,已安装依赖，含开发依赖；分发范围需结合锁文件和安装包确认
@babel/plugin-syntax-class-static-block,7.14.5,MIT,node_modules/@babel/plugin-syntax-class-static-block/package.json,已安装依赖，含开发依赖；分发范围需结合锁文件和安装包确认
@babel/plugin-syntax-decorators,7.19.0,MIT,node_modules/@babel/plugin-syntax-decorators/package.json,已安装依赖，含开发依赖；分发范围需结合锁文件和安装包确认
@babel/plugin-syntax-do-expressions,7.18.6,MIT,node_modules/@babel/plugin-syntax-do-expressions/package.json,已安装依赖，含开发依赖；分发范围需结合锁文件和安装包确认
@babel/plugin-syntax-dynamic-import,7.8.3,MIT,node_modules/@babel/plugin-syntax-dynamic-import/package.json,已安装依赖，含开发依赖；分发范围需结合锁文件和安装包确认
@babel/plugin-syntax-export-default-from,7.18.6,MIT,node_modules/@babel/plugin-syntax-export-default-from/package.json,已安装依赖，含开发依赖；分发范围需结合锁文件和安装包确认
@babel/plugin-syntax-export-namespace-from,7.8.3,MIT,node_modules/@babel/plugin-syntax-export-namespace-from/package.json,已安装依赖，含开发依赖；分发范围需结合锁文件和安装包确认
@babel/plugin-syntax-function-bind,7.18.6,MIT,node_modules/@babel/plugin-syntax-function-bind/package.json,已安装依赖，含开发依赖；分发范围需结合锁文件和安装包确认
@babel/plugin-syntax-function-sent,7.18.6,MIT,node_modules/@babel/plugin-syntax-function-sent/package.json,已安装依赖，含开发依赖；分发范围需结合锁文件和安装包确认
@babel/plugin-syntax-import-assertions,7.20.0,MIT,node_modules/@babel/plugin-syntax-import-assertions/package.json,已安装依赖，含开发依赖；分发范围需结合锁文件和安装包确认
@babel/plugin-syntax-import-meta,7.10.4,MIT,node_modules/@babel/plugin-syntax-import-meta/package.json,已安装依赖，含开发依赖；分发范围需结合锁文件和安装包确认
@babel/plugin-syntax-json-strings,7.8.3,MIT,node_modules/@babel/plugin-syntax-json-strings/package.json,已安装依赖，含开发依赖；分发范围需结合锁文件和安装包确认
@babel/plugin-syntax-jsx,7.18.6,MIT,node_modules/@babel/plugin-syntax-jsx/package.json,已安装依赖，含开发依赖；分发范围需结合锁文件和安装包确认
@babel/plugin-syntax-logical-assignment-operators,7.10.4,MIT,node_modules/@babel/plugin-syntax-logical-assignment-operators/package.json,已安装依赖，含开发依赖；分发范围需结合锁文件和安装包确认
@babel/plugin-syntax-nullish-coalescing-operator,7.8.3,MIT,node_modules/@babel/plugin-syntax-nullish-coalescing-operator/package.json,已安装依赖，含开发依赖；分发范围需结合锁文件和安装包确认
@babel/plugin-syntax-numeric-separator,7.10.4,MIT,node_modules/@babel/plugin-syntax-numeric-separator/package.json,已安装依赖，含开发依赖；分发范围需结合锁文件和安装包确认
@babel/plugin-syntax-object-rest-spread,7.8.3,MIT,node_modules/@babel/plugin-syntax-object-rest-spread/package.json,已安装依赖，含开发依赖；分发范围需结合锁文件和安装包确认
@babel/plugin-syntax-optional-catch-binding,7.8.3,MIT,node_modules/@babel/plugin-syntax-optional-catch-binding/package.json,已安装依赖，含开发依赖；分发范围需结合锁文件和安装包确认
@babel/plugin-syntax-optional-chaining,7.8.3,MIT,node_modules/@babel/plugin-syntax-optional-chaining/package.json,已安装依赖，含开发依赖；分发范围需结合锁文件和安装包确认
@babel/plugin-syntax-pipeline-operator,7.18.6,MIT,node_modules/@babel/plugin-syntax-pipeline-operator/package.json,已安装依赖，含开发依赖；分发范围需结合锁文件和安装包确认
@babel/plugin-syntax-private-property-in-object,7.14.5,MIT,node_modules/@babel/plugin-syntax-private-property-in-object/package.json,已安装依赖，含开发依赖；分发范围需结合锁文件和安装包确认
@babel/plugin-syntax-throw-expressions,7.18.6,MIT,node_modules/@babel/plugin-syntax-throw-expressions/package.json,已安装依赖，含开发依赖；分发范围需结合锁文件和安装包确认
@babel/plugin-syntax-top-level-await,7.14.5,MIT,node_modules/@babel/plugin-syntax-top-level-await/package.json,已安装依赖，含开发依赖；分发范围需结合锁文件和安装包确认
@babel/plugin-transform-arrow-functions,7.18.6,MIT,node_modules/@babel/plugin-transform-arrow-functions/package.json,已安装依赖，含开发依赖；分发范围需结合锁文件和安装包确认
@babel/plugin-transform-async-to-generator,7.18.6,MIT,node_modules/@babel/plugin-transform-async-to-generator/package.json,已安装依赖，含开发依赖；分发范围需结合锁文件和安装包确认
@babel/plugin-transform-block-scoped-functions,7.18.6,MIT,node_modules/@babel/plugin-transform-block-scoped-functions/package.json,已安装依赖，含开发依赖；分发范围需结合锁文件和安装包确认
@babel/plugin-transform-block-scoping,7.20.2,MIT,node_modules/@babel/plugin-transform-block-scoping/package.json,已安装依赖，含开发依赖；分发范围需结合锁文件和安装包确认
@babel/plugin-transform-classes,7.20.2,MIT,node_modules/@babel/plugin-transform-classes/package.json,已安装依赖，含开发依赖；分发范围需结合锁文件和安装包确认
@babel/plugin-transform-computed-properties,7.18.9,MIT,node_modules/@babel/plugin-transform-computed-properties/package.json,已安装依赖，含开发依赖；分发范围需结合锁文件和安装包确认
@babel/plugin-transform-destructuring,7.20.2,MIT,node_modules/@babel/plugin-transform-destructuring/package.json,已安装依赖，含开发依赖；分发范围需结合锁文件和安装包确认
@babel/plugin-transform-dotall-regex,7.12.1,MIT,node_modules/@babel/preset-modules/node_modules/@babel/plugin-transform-dotall-regex/package.json,已安装依赖，含开发依赖；分发范围需结合锁文件和安装包确认
@babel/plugin-transform-dotall-regex,7.18.6,MIT,node_modules/@babel/plugin-transform-dotall-regex/package.json,已安装依赖，含开发依赖；分发范围需结合锁文件和安装包确认
@babel/plugin-transform-duplicate-keys,7.18.9,MIT,node_modules/@babel/plugin-transform-duplicate-keys/package.json,已安装依赖，含开发依赖；分发范围需结合锁文件和安装包确认
@babel/plugin-transform-exponentiation-operator,7.18.6,MIT,node_modules/@babel/plugin-transform-exponentiation-operator/package.json,已安装依赖，含开发依赖；分发范围需结合锁文件和安装包确认
@babel/plugin-transform-for-of,7.18.8,MIT,node_modules/@babel/plugin-transform-for-of/package.json,已安装依赖，含开发依赖；分发范围需结合锁文件和安装包确认
@babel/plugin-transform-function-name,7.18.9,MIT,node_modules/@babel/plugin-transform-function-name/package.json,已安装依赖，含开发依赖；分发范围需结合锁文件和安装包确认
@babel/plugin-transform-literals,7.18.9,MIT,node_modules/@babel/plugin-transform-literals/package.json,已安装依赖，含开发依赖；分发范围需结合锁文件和安装包确认
@babel/plugin-transform-member-expression-literals,7.18.6,MIT,node_modules/@babel/plugin-transform-member-expression-literals/package.json,已安装依赖，含开发依赖；分发范围需结合锁文件和安装包确认
@babel/plugin-transform-modules-amd,7.19.6,MIT,node_modules/@babel/plugin-transform-modules-amd/package.json,已安装依赖，含开发依赖；分发范围需结合锁文件和安装包确认
@babel/plugin-transform-modules-commonjs,7.19.6,MIT,node_modules/@babel/plugin-transform-modules-commonjs/package.json,已安装依赖，含开发依赖；分发范围需结合锁文件和安装包确认
@babel/plugin-transform-modules-systemjs,7.19.6,MIT,node_modules/@babel/plugin-transform-modules-systemjs/package.json,已安装依赖，含开发依赖；分发范围需结合锁文件和安装包确认
@babel/plugin-transform-modules-umd,7.18.6,MIT,node_modules/@babel/plugin-transform-modules-umd/package.json,已安装依赖，含开发依赖；分发范围需结合锁文件和安装包确认
@babel/plugin-transform-named-capturing-groups-regex,7.19.1,MIT,node_modules/@babel/plugin-transform-named-capturing-groups-regex/package.json,已安装依赖，含开发依赖；分发范围需结合锁文件和安装包确认
@babel/plugin-transform-new-target,7.18.6,MIT,node_modules/@babel/plugin-transform-new-target/package.json,已安装依赖，含开发依赖；分发范围需结合锁文件和安装包确认
@babel/plugin-transform-object-super,7.18.6,MIT,node_modules/@babel/plugin-transform-object-super/package.json,已安装依赖，含开发依赖；分发范围需结合锁文件和安装包确认
@babel/plugin-transform-parameters,7.20.3,MIT,node_modules/@babel/plugin-transform-parameters/package.json,已安装依赖，含开发依赖；分发范围需结合锁文件和安装包确认
@babel/plugin-transform-property-literals,7.18.6,MIT,node_modules/@babel/plugin-transform-property-literals/package.json,已安装依赖，含开发依赖；分发范围需结合锁文件和安装包确认
@babel/plugin-transform-react-constant-elements,7.20.2,MIT,node_modules/@babel/plugin-transform-react-constant-elements/package.json,已安装依赖，含开发依赖；分发范围需结合锁文件和安装包确认
@babel/plugin-transform-react-display-name,7.18.6,MIT,node_modules/@babel/plugin-transform-react-display-name/package.json,已安装依赖，含开发依赖；分发范围需结合锁文件和安装包确认
@babel/plugin-transform-react-inline-elements,7.18.6,MIT,node_modules/@babel/plugin-transform-react-inline-elements/package.json,已安装依赖，含开发依赖；分发范围需结合锁文件和安装包确认
@babel/plugin-transform-react-jsx,7.19.0,MIT,node_modules/@babel/plugin-transform-react-jsx/package.json,已安装依赖，含开发依赖；分发范围需结合锁文件和安装包确认
@babel/plugin-transform-react-jsx-development,7.18.6,MIT,node_modules/@babel/plugin-transform-react-jsx-development/package.json,已安装依赖，含开发依赖；分发范围需结合锁文件和安装包确认
@babel/plugin-transform-react-pure-annotations,7.18.6,MIT,node_modules/@babel/plugin-transform-react-pure-annotations/package.json,已安装依赖，含开发依赖；分发范围需结合锁文件和安装包确认
@babel/plugin-transform-regenerator,7.18.6,MIT,node_modules/@babel/plugin-transform-regenerator/package.json,已安装依赖，含开发依赖；分发范围需结合锁文件和安装包确认
@babel/plugin-transform-reserved-words,7.18.6,MIT,node_modules/@babel/plugin-transform-reserved-words/package.json,已安装依赖，含开发依赖；分发范围需结合锁文件和安装包确认
@babel/plugin-transform-shorthand-properties,7.18.6,MIT,node_modules/@babel/plugin-transform-shorthand-properties/package.json,已安装依赖，含开发依赖；分发范围需结合锁文件和安装包确认
@babel/plugin-transform-spread,7.19.0,MIT,node_modules/@babel/plugin-transform-spread/package.json,已安装依赖，含开发依赖；分发范围需结合锁文件和安装包确认
@babel/plugin-transform-sticky-regex,7.18.6,MIT,node_modules/@babel/plugin-transform-sticky-regex/package.json,已安装依赖，含开发依赖；分发范围需结合锁文件和安装包确认
@babel/plugin-transform-template-literals,7.18.9,MIT,node_modules/@babel/plugin-transform-template-literals/package.json,已安装依赖，含开发依赖；分发范围需结合锁文件和安装包确认
@babel/plugin-transform-typeof-symbol,7.18.9,MIT,node_modules/@babel/plugin-transform-typeof-symbol/package.json,已安装依赖，含开发依赖；分发范围需结合锁文件和安装包确认
@babel/plugin-transform-unicode-escapes,7.18.10,MIT,node_modules/@babel/plugin-transform-unicode-escapes/package.json,已安装依赖，含开发依赖；分发范围需结合锁文件和安装包确认
@babel/plugin-transform-unicode-regex,7.18.6,MIT,node_modules/@babel/plugin-transform-unicode-regex/package.json,已安装依赖，含开发依赖；分发范围需结合锁文件和安装包确认
@babel/preset-env,7.20.2,MIT,node_modules/@babel/preset-env/package.json,已安装依赖，含开发依赖；分发范围需结合锁文件和安装包确认
@babel/preset-modules,0.1.5,MIT,node_modules/@babel/preset-modules/package.json,已安装依赖，含开发依赖；分发范围需结合锁文件和安装包确认
@babel/preset-react,7.18.6,MIT,node_modules/@babel/preset-react/package.json,已安装依赖，含开发依赖；分发范围需结合锁文件和安装包确认
@babel/register,7.18.9,MIT,node_modules/@babel/register/package.json,已安装依赖，含开发依赖；分发范围需结合锁文件和安装包确认
@babel/runtime,7.12.1,MIT,node_modules/@babel/runtime/package.json,已安装依赖，含开发依赖；分发范围需结合锁文件和安装包确认
@babel/runtime,7.17.2,MIT,node_modules/history/node_modules/@babel/runtime/package.json,已安装依赖，含开发依赖；分发范围需结合锁文件和安装包确认
@babel/runtime,7.20.1,MIT,node_modules/eslint-plugin-jsx-a11y/node_modules/@babel/runtime/package.json,已安装依赖，含开发依赖；分发范围需结合锁文件和安装包确认
@babel/runtime-corejs3,7.12.1,MIT,node_modules/@babel/runtime-corejs3/package.json,已安装依赖，含开发依赖；分发范围需结合锁文件和安装包确认
@babel/template,7.10.4,MIT,node_modules/babel-eslint/node_modules/@babel/template/package.json,已安装依赖，含开发依赖；分发范围需结合锁文件和安装包确认
@babel/template,7.10.4,MIT,node_modules/styled-components/node_modules/@babel/template/package.json,已安装依赖，含开发依赖；分发范围需结合锁文件和安装包确认
@babel/template,7.18.10,MIT,node_modules/@babel/template/package.json,已安装依赖，含开发依赖；分发范围需结合锁文件和安装包确认
@babel/traverse,7.12.1,MIT,node_modules/babel-eslint/node_modules/@babel/traverse/package.json,已安装依赖，含开发依赖；分发范围需结合锁文件和安装包确认
@babel/traverse,7.12.1,MIT,node_modules/styled-components/node_modules/@babel/traverse/package.json,已安装依赖，含开发依赖；分发范围需结合锁文件和安装包确认
@babel/traverse,7.20.1,MIT,node_modules/@babel/traverse/package.json,已安装依赖，含开发依赖；分发范围需结合锁文件和安装包确认
@babel/types,7.12.1,MIT,node_modules/@babel/helper-get-function-arity/node_modules/@babel/types/package.json,已安装依赖，含开发依赖；分发范围需结合锁文件和安装包确认
@babel/types,7.12.1,MIT,node_modules/@babel/preset-modules/node_modules/@babel/types/package.json,已安装依赖，含开发依赖；分发范围需结合锁文件和安装包确认
@babel/types,7.12.1,MIT,node_modules/babel-eslint/node_modules/@babel/types/package.json,已安装依赖，含开发依赖；分发范围需结合锁文件和安装包确认
@babel/types,7.12.1,MIT,node_modules/babel-plugin-styled-components/node_modules/@babel/types/package.json,已安装依赖，含开发依赖；分发范围需结合锁文件和安装包确认
@babel/types,7.12.1,MIT,node_modules/styled-components/node_modules/@babel/types/package.json,已安装依赖，含开发依赖；分发范围需结合锁文件和安装包确认
@babel/types,7.20.2,MIT,node_modules/@babel/types/package.json,已安装依赖，含开发依赖；分发范围需结合锁文件和安装包确认
@csstools/selector-specificity,2.0.2,CC0-1.0,node_modules/stylelint/node_modules/@csstools/selector-specificity/package.json,已安装依赖，含开发依赖；分发范围需结合锁文件和安装包确认
@develar/schema-utils,2.6.5,MIT,node_modules/@develar/schema-utils/package.json,已安装依赖，含开发依赖；分发范围需结合锁文件和安装包确认
@discoveryjs/json-ext,0.5.7,MIT,node_modules/@discoveryjs/json-ext/package.json,已安装依赖，含开发依赖；分发范围需结合锁文件和安装包确认
@electron/get,1.14.1,MIT,node_modules/@electron/get/package.json,已安装依赖，含开发依赖；分发范围需结合锁文件和安装包确认
@electron/notarize,2.3.0,MIT,node_modules/@electron/notarize/package.json,已安装依赖，含开发依赖；分发范围需结合锁文件和安装包确认
@electron/remote,2.0.4,MIT,node_modules/@electron/remote/package.json,已安装依赖，含开发依赖；分发范围需结合锁文件和安装包确认
@electron/universal,1.2.1,MIT,node_modules/@electron/universal/package.json,已安装依赖，含开发依赖；分发范围需结合锁文件和安装包确认
@emotion/hash,0.8.0,MIT,node_modules/@emotion/hash/package.json,已安装依赖，含开发依赖；分发范围需结合锁文件和安装包确认
@emotion/is-prop-valid,0.8.8,MIT,node_modules/@emotion/is-prop-valid/package.json,已安装依赖，含开发依赖；分发范围需结合锁文件和安装包确认
@emotion/memoize,0.7.4,MIT,node_modules/@emotion/memoize/package.json,已安装依赖，含开发依赖；分发范围需结合锁文件和安装包确认
@emotion/unitless,0.7.5,MIT,node_modules/@emotion/unitless/package.json,已安装依赖，含开发依赖；分发范围需结合锁文件和安装包确认
@es-joy/jsdoccomment,0.36.0,MIT,node_modules/@es-joy/jsdoccomment/package.json,已安装依赖，含开发依赖；分发范围需结合锁文件和安装包确认
@eslint/eslintrc,1.3.3,MIT,node_modules/@eslint/eslintrc/package.json,已安装依赖，含开发依赖；分发范围需结合锁文件和安装包确认
@fortawesome/fontawesome-common-types,0.2.32,MIT,node_modules/@fortawesome/fontawesome-common-types/package.json,已安装依赖，含开发依赖；分发范围需结合锁文件和安装包确认
@fortawesome/fontawesome-svg-core,1.2.32,MIT,node_modules/@fortawesome/fontawesome-svg-core/package.json,已安装依赖，含开发依赖；分发范围需结合锁文件和安装包确认
@fortawesome/free-brands-svg-icons,5.15.1,(CC-BY-4.0 AND MIT),node_modules/@fortawesome/free-brands-svg-icons/package.json,已安装依赖，含开发依赖；分发范围需结合锁文件和安装包确认
@fortawesome/free-regular-svg-icons,5.15.1,(CC-BY-4.0 AND MIT),node_modules/@fortawesome/free-regular-svg-icons/package.json,已安装依赖，含开发依赖；分发范围需结合锁文件和安装包确认
@fortawesome/free-solid-svg-icons,5.15.1,(CC-BY-4.0 AND MIT),node_modules/@fortawesome/free-solid-svg-icons/package.json,已安装依赖，含开发依赖；分发范围需结合锁文件和安装包确认
@fortawesome/react-fontawesome,0.1.12,MIT,node_modules/@fortawesome/react-fontawesome/package.json,已安装依赖，含开发依赖；分发范围需结合锁文件和安装包确认
@hot-loader/react-dom,17.0.0+4.13.0,MIT,node_modules/react-dom/package.json,已安装依赖，含开发依赖；分发范围需结合锁文件和安装包确认
@humanwhocodes/config-array,0.11.7,Apache-2.0,node_modules/@humanwhocodes/config-array/package.json,已安装依赖，含开发依赖；分发范围需结合锁文件和安装包确认
@humanwhocodes/module-importer,1.0.1,Apache-2.0,node_modules/@humanwhocodes/module-importer/package.json,已安装依赖，含开发依赖；分发范围需结合锁文件和安装包确认
@humanwhocodes/object-schema,1.2.1,BSD-3-Clause,node_modules/@humanwhocodes/object-schema/package.json,已安装依赖，含开发依赖；分发范围需结合锁文件和安装包确认
@jridgewell/gen-mapping,0.1.1,MIT,node_modules/@ampproject/remapping/node_modules/@jridgewell/gen-mapping/package.json,已安装依赖，含开发依赖；分发范围需结合锁文件和安装包确认
@jridgewell/gen-mapping,0.3.2,MIT,node_modules/@jridgewell/gen-mapping/package.json,已安装依赖，含开发依赖；分发范围需结合锁文件和安装包确认
@jridgewell/gen-mapping,0.3.5,MIT,node_modules/webpack/node_modules/@jridgewell/gen-mapping/package.json,已安装依赖，含开发依赖；分发范围需结合锁文件和安装包确认
@jridgewell/resolve-uri,3.1.0,MIT,node_modules/@jridgewell/resolve-uri/package.json,已安装依赖，含开发依赖；分发范围需结合锁文件和安装包确认
@jridgewell/resolve-uri,3.1.2,MIT,node_modules/webpack/node_modules/@jridgewell/resolve-uri/package.json,已安装依赖，含开发依赖；分发范围需结合锁文件和安装包确认
@jridgewell/set-array,1.1.2,MIT,node_modules/@jridgewell/set-array/package.json,已安装依赖，含开发依赖；分发范围需结合锁文件和安装包确认
@jridgewell/set-array,1.2.1,MIT,node_modules/webpack/node_modules/@jridgewell/set-array/package.json,已安装依赖，含开发依赖；分发范围需结合锁文件和安装包确认
@jridgewell/source-map,0.3.2,MIT,node_modules/@jridgewell/source-map/package.json,已安装依赖，含开发依赖；分发范围需结合锁文件和安装包确认
@jridgewell/source-map,0.3.6,MIT,node_modules/webpack/node_modules/@jridgewell/source-map/package.json,已安装依赖，含开发依赖；分发范围需结合锁文件和安装包确认
@jridgewell/sourcemap-codec,1.4.14,MIT,node_modules/@jridgewell/sourcemap-codec/package.json,已安装依赖，含开发依赖；分发范围需结合锁文件和安装包确认
@jridgewell/sourcemap-codec,1.4.14,MIT,node_modules/webpack/node_modules/@jridgewell/gen-mapping/node_modules/@jridgewell/sourcemap-codec/package.json,已安装依赖，含开发依赖；分发范围需结合锁文件和安装包确认
@jridgewell/sourcemap-codec,1.4.15,MIT,node_modules/webpack/node_modules/@jridgewell/sourcemap-codec/package.json,已安装依赖，含开发依赖；分发范围需结合锁文件和安装包确认
@jridgewell/trace-mapping,0.3.17,MIT,node_modules/@jridgewell/trace-mapping/package.json,已安装依赖，含开发依赖；分发范围需结合锁文件和安装包确认
@jridgewell/trace-mapping,0.3.25,MIT,node_modules/webpack/node_modules/@jridgewell/trace-mapping/package.json,已安装依赖，含开发依赖；分发范围需结合锁文件和安装包确认
@malept/cross-spawn-promise,1.1.1,Apache-2.0,node_modules/@malept/cross-spawn-promise/package.json,已安装依赖，含开发依赖；分发范围需结合锁文件和安装包确认
@malept/flatpak-bundler,0.4.0,MIT,node_modules/@malept/flatpak-bundler/package.json,已安装依赖，含开发依赖；分发范围需结合锁文件和安装包确认
@material-ui/core,4.11.0,MIT,node_modules/@material-ui/core/package.json,已安装依赖，含开发依赖；分发范围需结合锁文件和安装包确认
@material-ui/icons,4.9.1,MIT,node_modules/@material-ui/icons/package.json,已安装依赖，含开发依赖；分发范围需结合锁文件和安装包确认
@material-ui/styles,4.10.0,MIT,node_modules/@material-ui/styles/package.json,已安装依赖，含开发依赖；分发范围需结合锁文件和安装包确认
@material-ui/system,4.9.14,MIT,node_modules/@material-ui/system/package.json,已安装依赖，含开发依赖；分发范围需结合锁文件和安装包确认
@material-ui/types,5.1.0,MIT,node_modules/@material-ui/types/package.json,已安装依赖，含开发依赖；分发范围需结合锁文件和安装包确认
@material-ui/utils,4.10.2,MIT,node_modules/@material-ui/utils/package.json,已安装依赖，含开发依赖；分发范围需结合锁文件和安装包确认
@mdn/browser-compat-data,3.3.14,CC0-1.0,node_modules/ast-metadata-inferer/node_modules/@mdn/browser-compat-data/package.json,已安装依赖，含开发依赖；分发范围需结合锁文件和安装包确认
@mdn/browser-compat-data,4.1.7,CC0-1.0,node_modules/@mdn/browser-compat-data/package.json,已安装依赖，含开发依赖；分发范围需结合锁文件和安装包确认
@nicolo-ribaudo/eslint-scope-5-internals,5.1.1-v1,MIT,node_modules/@nicolo-ribaudo/eslint-scope-5-internals/package.json,已安装依赖，含开发依赖；分发范围需结合锁文件和安装包确认
@nodelib/fs.scandir,2.1.3,MIT,node_modules/@nodelib/fs.scandir/package.json,已安装依赖，含开发依赖；分发范围需结合锁文件和安装包确认
@nodelib/fs.scandir,2.1.5,MIT,node_modules/eslint/node_modules/@nodelib/fs.scandir/package.json,已安装依赖，含开发依赖；分发范围需结合锁文件和安装包确认
@nodelib/fs.stat,2.0.3,MIT,node_modules/@nodelib/fs.stat/package.json,已安装依赖，含开发依赖；分发范围需结合锁文件和安装包确认
@nodelib/fs.stat,2.0.5,MIT,node_modules/eslint/node_modules/@nodelib/fs.stat/package.json,已安装依赖，含开发依赖；分发范围需结合锁文件和安装包确认
@nodelib/fs.walk,1.2.4,MIT,node_modules/@nodelib/fs.walk/package.json,已安装依赖，含开发依赖；分发范围需结合锁文件和安装包确认
@nodelib/fs.walk,1.2.8,MIT,node_modules/eslint/node_modules/@nodelib/fs.walk/package.json,已安装依赖，含开发依赖；分发范围需结合锁文件和安装包确认
@sentry/browser,6.19.2,BSD-3-Clause,node_modules/@sentry/browser/package.json,已安装依赖，含开发依赖；分发范围需结合锁文件和安装包确认
@sentry/cli,1.74.6,BSD-3-Clause,node_modules/@sentry/webpack-plugin/node_modules/@sentry/cli/package.json,已安装依赖，含开发依赖；分发范围需结合锁文件和安装包确认
@sentry/cli,2.11.0,BSD-3-Clause,node_modules/@sentry/cli/package.json,已安装依赖，含开发依赖；分发范围需结合锁文件和安装包确认
@sentry/core,6.19.2,BSD-3-Clause,node_modules/@sentry/core/package.json,已安装依赖，含开发依赖；分发范围需结合锁文件和安装包确认
@sentry/electron,3.0.8,MIT,node_modules/@sentry/electron/package.json,已安装依赖，含开发依赖；分发范围需结合锁文件和安装包确认
@sentry/hub,6.19.2,BSD-3-Clause,node_modules/@sentry/hub/package.json,已安装依赖，含开发依赖；分发范围需结合锁文件和安装包确认
@sentry/minimal,6.19.2,BSD-3-Clause,node_modules/@sentry/minimal/package.json,已安装依赖，含开发依赖；分发范围需结合锁文件和安装包确认
@sentry/node,6.19.2,BSD-3-Clause,node_modules/@sentry/node/package.json,已安装依赖，含开发依赖；分发范围需结合锁文件和安装包确认
@sentry/types,6.19.2,BSD-3-Clause,node_modules/@sentry/types/package.json,已安装依赖，含开发依赖；分发范围需结合锁文件和安装包确认
@sentry/utils,6.19.2,BSD-3-Clause,node_modules/@sentry/utils/package.json,已安装依赖，含开发依赖；分发范围需结合锁文件和安装包确认
@sentry/webpack-plugin,1.20.0,MIT,node_modules/@sentry/webpack-plugin/package.json,已安装依赖，含开发依赖；分发范围需结合锁文件和安装包确认
@sindresorhus/is,0.14.0,MIT,node_modules/got/node_modules/@sindresorhus/is/package.json,已安装依赖，含开发依赖；分发范围需结合锁文件和安装包确认
@sindresorhus/is,4.4.0,MIT,node_modules/@sindresorhus/is/package.json,已安装依赖，含开发依赖；分发范围需结合锁文件和安装包确认
@szmarczak/http-timer,1.1.2,MIT,node_modules/@szmarczak/http-timer/package.json,已安装依赖，含开发依赖；分发范围需结合锁文件和安装包确认
@tootallnate/once,2.0.0,MIT,node_modules/@tootallnate/once/package.json,已安装依赖，含开发依赖；分发范围需结合锁文件和安装包确认
@trysound/sax,0.2.0,ISC,node_modules/@trysound/sax/package.json,已安装依赖，含开发依赖；分发范围需结合锁文件和安装包确认
@types/anymatch,1.3.1,MIT,node_modules/@types/anymatch/package.json,已安装依赖，含开发依赖；分发范围需结合锁文件和安装包确认
@types/debug,4.1.7,MIT,node_modules/@types/debug/package.json,已安装依赖，含开发依赖；分发范围需结合锁文件和安装包确认
@types/eslint,7.2.6,MIT,node_modules/@types/eslint-scope/node_modules/@types/eslint/package.json,已安装依赖，含开发依赖；分发范围需结合锁文件和安装包确认
@types/eslint,7.29.0,MIT,node_modules/@types/eslint/package.json,已安装依赖，含开发依赖；分发范围需结合锁文件和安装包确认
@types/eslint-scope,3.7.4,MIT,node_modules/@types/eslint-scope/package.json,已安装依赖，含开发依赖；分发范围需结合锁文件和安装包确认
@types/estree,0.0.45,MIT,node_modules/@types/estree/package.json,已安装依赖，含开发依赖；分发范围需结合锁文件和安装包确认
@types/estree,1.0.5,MIT,node_modules/webpack/node_modules/@types/estree/package.json,已安装依赖，含开发依赖；分发范围需结合锁文件和安装包确认
@types/fs-extra,9.0.13,MIT,node_modules/@types/fs-extra/package.json,已安装依赖，含开发依赖；分发范围需结合锁文件和安装包确认
@types/glob,7.1.3,MIT,node_modules/@types/glob/package.json,已安装依赖，含开发依赖；分发范围需结合锁文件和安装包确认
@types/html-minifier-terser,6.1.0,MIT,node_modules/@types/html-minifier-terser/package.json,已安装依赖，含开发依赖；分发范围需结合锁文件和安装包确认
@types/json-schema,7.0.11,MIT,node_modules/terser-webpack-plugin/node_modules/@types/json-schema/package.json,已安装依赖，含开发依赖；分发范围需结合锁文件和安装包确认
@types/json-schema,7.0.11,MIT,node_modules/webpack/node_modules/@types/json-schema/package.json,已安装依赖，含开发依赖；分发范围需结合锁文件和安装包确认
@types/json-schema,7.0.6,MIT,node_modules/@types/json-schema/package.json,已安装依赖，含开发依赖；分发范围需结合锁文件和安装包确认
@types/json-schema,7.0.9,MIT,node_modules/mini-css-extract-plugin/node_modules/@types/json-schema/package.json,已安装依赖，含开发依赖；分发范围需结合锁文件和安装包确认
@types/json5,0.0.29,MIT,node_modules/@types/json5/package.json,已安装依赖，含开发依赖；分发范围需结合锁文件和安装包确认
@types/minimatch,3.0.3,MIT,node_modules/@types/minimatch/package.json,已安装依赖，含开发依赖；分发范围需结合锁文件和安装包确认
@types/minimist,1.2.0,MIT,node_modules/stylelint/node_modules/@types/minimist/package.json,已安装依赖，含开发依赖；分发范围需结合锁文件和安装包确认
@types/minimist,1.2.2,MIT,node_modules/@types/minimist/package.json,已安装依赖，含开发依赖；分发范围需结合锁文件和安装包确认
@types/ms,0.7.31,MIT,node_modules/@types/ms/package.json,已安装依赖，含开发依赖；分发范围需结合锁文件和安装包确认
@types/node,14.14.6,MIT,node_modules/@types/node/package.json,已安装依赖，含开发依赖；分发范围需结合锁文件和安装包确认
@types/node,16.18.11,MIT,node_modules/electron/node_modules/@types/node/package.json,已安装依赖，含开发依赖；分发范围需结合锁文件和安装包确认
@types/node,17.0.18,MIT,node_modules/zx/node_modules/@types/node/package.json,已安装依赖，含开发依赖；分发范围需结合锁文件和安装包确认
@types/node-fetch,3.0.3,MIT,node_modules/@types/node-fetch/package.json,已安装依赖，含开发依赖；分发范围需结合锁文件和安装包确认
@types/normalize-package-data,2.4.0,MIT,node_modules/@types/normalize-package-data/package.json,已安装依赖，含开发依赖；分发范围需结合锁文件和安装包确认
@types/parse-json,4.0.0,MIT,node_modules/@types/parse-json/package.json,已安装依赖，含开发依赖；分发范围需结合锁文件和安装包确认
@types/plist,3.0.2,MIT,node_modules/@types/plist/package.json,已安装依赖，含开发依赖；分发范围需结合锁文件和安装包确认
@types/prop-types,15.7.3,MIT,node_modules/@types/prop-types/package.json,已安装依赖，含开发依赖；分发范围需结合锁文件和安装包确认
@types/react,16.9.55,MIT,node_modules/@types/react/package.json,已安装依赖，含开发依赖；分发范围需结合锁文件和安装包确认
@types/react-transition-group,4.4.0,MIT,node_modules/@types/react-transition-group/package.json,已安装依赖，含开发依赖；分发范围需结合锁文件和安装包确认
@types/semver,7.3.9,MIT,node_modules/@types/semver/package.json,已安装依赖，含开发依赖；分发范围需结合锁文件和安装包确认
@types/source-list-map,0.1.2,MIT,node_modules/@types/source-list-map/package.json,已安装依赖，含开发依赖；分发范围需结合锁文件和安装包确认
@types/tapable,1.0.6,MIT,node_modules/@types/tapable/package.json,已安装依赖，含开发依赖；分发范围需结合锁文件和安装包确认
@types/uglify-js,3.11.1,MIT,node_modules/@types/uglify-js/package.json,已安装依赖，含开发依赖；分发范围需结合锁文件和安装包确认
@types/verror,1.10.5,MIT,node_modules/@types/verror/package.json,已安装依赖，含开发依赖；分发范围需结合锁文件和安装包确认
@types/webpack,4.41.24,MIT,node_modules/@types/webpack/package.json,已安装依赖，含开发依赖；分发范围需结合锁文件和安装包确认
@types/webpack-sources,2.0.0,MIT,node_modules/@types/webpack-sources/package.json,已安装依赖，含开发依赖；分发范围需结合锁文件和安装包确认
@types/yargs,17.0.8,MIT,node_modules/@types/yargs/package.json,已安装依赖，含开发依赖；分发范围需结合锁文件和安装包确认
@types/yargs-parser,15.0.0,MIT,node_modules/@types/yargs-parser/package.json,已安装依赖，含开发依赖；分发范围需结合锁文件和安装包确认
@webassemblyjs/ast,1.12.1,MIT,node_modules/@webassemblyjs/ast/package.json,已安装依赖，含开发依赖；分发范围需结合锁文件和安装包确认
@webassemblyjs/floating-point-hex-parser,1.11.6,MIT,node_modules/@webassemblyjs/floating-point-hex-parser/package.json,已安装依赖，含开发依赖；分发范围需结合锁文件和安装包确认
@webassemblyjs/helper-api-error,1.11.6,MIT,node_modules/@webassemblyjs/helper-api-error/package.json,已安装依赖，含开发依赖；分发范围需结合锁文件和安装包确认
@webassemblyjs/helper-buffer,1.12.1,MIT,node_modules/@webassemblyjs/helper-buffer/package.json,已安装依赖，含开发依赖；分发范围需结合锁文件和安装包确认
@webassemblyjs/helper-numbers,1.11.6,MIT,node_modules/@webassemblyjs/helper-numbers/package.json,已安装依赖，含开发依赖；分发范围需结合锁文件和安装包确认
@webassemblyjs/helper-wasm-bytecode,1.11.6,MIT,node_modules/@webassemblyjs/helper-wasm-bytecode/package.json,已安装依赖，含开发依赖；分发范围需结合锁文件和安装包确认
@webassemblyjs/helper-wasm-section,1.12.1,MIT,node_modules/@webassemblyjs/helper-wasm-section/package.json,已安装依赖，含开发依赖；分发范围需结合锁文件和安装包确认
@webassemblyjs/ieee754,1.11.6,MIT,node_modules/@webassemblyjs/ieee754/package.json,已安装依赖，含开发依赖；分发范围需结合锁文件和安装包确认
@webassemblyjs/leb128,1.11.6,Apache-2.0,node_modules/@webassemblyjs/leb128/package.json,已安装依赖，含开发依赖；分发范围需结合锁文件和安装包确认
@webassemblyjs/utf8,1.11.6,MIT,node_modules/@webassemblyjs/utf8/package.json,已安装依赖，含开发依赖；分发范围需结合锁文件和安装包确认
@webassemblyjs/wasm-edit,1.12.1,MIT,node_modules/@webassemblyjs/wasm-edit/package.json,已安装依赖，含开发依赖；分发范围需结合锁文件和安装包确认
@webassemblyjs/wasm-gen,1.12.1,MIT,node_modules/@webassemblyjs/wasm-gen/package.json,已安装依赖，含开发依赖；分发范围需结合锁文件和安装包确认
@webassemblyjs/wasm-opt,1.12.1,MIT,node_modules/@webassemblyjs/wasm-opt/package.json,已安装依赖，含开发依赖；分发范围需结合锁文件和安装包确认
@webassemblyjs/wasm-parser,1.12.1,MIT,node_modules/@webassemblyjs/wasm-parser/package.json,已安装依赖，含开发依赖；分发范围需结合锁文件和安装包确认
@webassemblyjs/wast-printer,1.12.1,MIT,node_modules/@webassemblyjs/wast-printer/package.json,已安装依赖，含开发依赖；分发范围需结合锁文件和安装包确认
@webpack-cli/configtest,1.2.0,MIT,node_modules/@webpack-cli/configtest/package.json,已安装依赖，含开发依赖；分发范围需结合锁文件和安装包确认
@webpack-cli/info,1.5.0,MIT,node_modules/@webpack-cli/info/package.json,已安装依赖，含开发依赖；分发范围需结合锁文件和安装包确认
@webpack-cli/serve,1.7.0,MIT,node_modules/@webpack-cli/serve/package.json,已安装依赖，含开发依赖；分发范围需结合锁文件和安装包确认
@xtuc/ieee754,1.2.0,BSD-3-Clause,node_modules/@xtuc/ieee754/package.json,已安装依赖，含开发依赖；分发范围需结合锁文件和安装包确认
@xtuc/long,4.2.2,Apache-2.0,node_modules/@xtuc/long/package.json,已安装依赖，含开发依赖；分发范围需结合锁文件和安装包确认
accepts,1.3.8,MIT,node_modules/accepts/package.json,已安装依赖，含开发依赖；分发范围需结合锁文件和安装包确认
acorn,7.4.1,MIT,node_modules/webpack-bundle-analyzer/node_modules/acorn/package.json,已安装依赖，含开发依赖；分发范围需结合锁文件和安装包确认
acorn,8.11.3,MIT,node_modules/webpack/node_modules/terser/node_modules/acorn/package.json,已安装依赖，含开发依赖；分发范围需结合锁文件和安装包确认
acorn,8.8.1,MIT,node_modules/acorn/package.json,已安装依赖，含开发依赖；分发范围需结合锁文件和安装包确认
acorn-import-assertions,1.9.0,MIT,node_modules/acorn-import-assertions/package.json,已安装依赖，含开发依赖；分发范围需结合锁文件和安装包确认
acorn-jsx,5.3.2,MIT,node_modules/acorn-jsx/package.json,已安装依赖，含开发依赖；分发范围需结合锁文件和安装包确认
acorn-walk,7.2.0,MIT,node_modules/acorn-walk/package.json,已安装依赖，含开发依赖；分发范围需结合锁文件和安装包确认
address,1.1.2,MIT,node_modules/address/package.json,已安装依赖，含开发依赖；分发范围需结合锁文件和安装包确认
agent-base,6.0.2,MIT,node_modules/agent-base/package.json,已安装依赖，含开发依赖；分发范围需结合锁文件和安装包确认
aggregate-error,3.1.0,MIT,node_modules/aggregate-error/package.json,已安装依赖，含开发依赖；分发范围需结合锁文件和安装包确认
ajv,6.12.6,MIT,node_modules/ajv/package.json,已安装依赖，含开发依赖；分发范围需结合锁文件和安装包确认
ajv,8.10.0,MIT,node_modules/mini-css-extract-plugin/node_modules/ajv/package.json,已安装依赖，含开发依赖；分发范围需结合锁文件和安装包确认
ajv,8.10.0,MIT,node_modules/table/node_modules/ajv/package.json,已安装依赖，含开发依赖；分发范围需结合锁文件和安装包确认
ajv-errors,1.0.1,MIT,node_modules/ajv-errors/package.json,已安装依赖，含开发依赖；分发范围需结合锁文件和安装包确认
ajv-formats,2.1.1,MIT,node_modules/mini-css-extract-plugin/node_modules/ajv-formats/package.json,已安装依赖，含开发依赖；分发范围需结合锁文件和安装包确认
ajv-keywords,3.5.2,MIT,node_modules/ajv-keywords/package.json,已安装依赖，含开发依赖；分发范围需结合锁文件和安装包确认
ajv-keywords,5.1.0,MIT,node_modules/mini-css-extract-plugin/node_modules/ajv-keywords/package.json,已安装依赖，含开发依赖；分发范围需结合锁文件和安装包确认
ansi-align,2.0.0,ISC,node_modules/ansi-align/package.json,已安装依赖，含开发依赖；分发范围需结合锁文件和安装包确认
ansi-align,3.0.0,ISC,node_modules/electron-builder/node_modules/ansi-align/package.json,已安装依赖，含开发依赖；分发范围需结合锁文件和安装包确认
ansi-colors,3.2.4,MIT,node_modules/ansi-colors/package.json,已安装依赖，含开发依赖；分发范围需结合锁文件和安装包确认
ansi-escapes,4.3.1,MIT,node_modules/ansi-escapes/package.json,已安装依赖，含开发依赖；分发范围需结合锁文件和安装包确认
ansi-html-community,0.0.8,Apache-2.0,node_modules/ansi-html-community/package.json,已安装依赖，含开发依赖；分发范围需结合锁文件和安装包确认
ansi-regex,2.1.1,MIT,node_modules/ansi-regex/package.json,已安装依赖，含开发依赖；分发范围需结合锁文件和安装包确认
ansi-regex,3.0.1,MIT,node_modules/ansi-align/node_modules/ansi-regex/package.json,已安装依赖，含开发依赖；分发范围需结合锁文件和安装包确认
ansi-regex,3.0.1,MIT,node_modules/boxen/node_modules/ansi-regex/package.json,已安装依赖，含开发依赖；分发范围需结合锁文件和安装包确认
ansi-regex,3.0.1,MIT,node_modules/prettier-stylelint/node_modules/ansi-regex/package.json,已安装依赖，含开发依赖；分发范围需结合锁文件和安装包确认
ansi-regex,3.0.1,MIT,node_modules/widest-line/node_modules/ansi-regex/package.json,已安装依赖，含开发依赖；分发范围需结合锁文件和安装包确认
ansi-regex,4.1.0,MIT,node_modules/electron-builder/node_modules/ansi-align/node_modules/ansi-regex/package.json,已安装依赖，含开发依赖；分发范围需结合锁文件和安装包确认
ansi-regex,4.1.0,MIT,node_modules/yargs/node_modules/ansi-regex/package.json,已安装依赖，含开发依赖；分发范围需结合锁文件和安装包确认
ansi-regex,5.0.0,MIT,node_modules/electron-builder/node_modules/widest-line/node_modules/ansi-regex/package.json,已安装依赖，含开发依赖；分发范围需结合锁文件和安装包确认
ansi-regex,5.0.0,MIT,node_modules/strip-ansi/node_modules/ansi-regex/package.json,已安装依赖，含开发依赖；分发范围需结合锁文件和安装包确认
ansi-regex,5.0.1,MIT,node_modules/concurrently/node_modules/ansi-regex/package.json,已安装依赖，含开发依赖；分发范围需结合锁文件和安装包确认
ansi-regex,5.0.1,MIT,node_modules/electron-builder/node_modules/ansi-regex/package.json,已安装依赖，含开发依赖；分发范围需结合锁文件和安装包确认
ansi-regex,5.0.1,MIT,node_modules/eslint/node_modules/ansi-regex/package.json,已安装依赖，含开发依赖；分发范围需结合锁文件和安装包确认
ansi-regex,5.0.1,MIT,node_modules/renderkid/node_modules/ansi-regex/package.json,已安装依赖，含开发依赖；分发范围需结合锁文件和安装包确认
ansi-regex,5.0.1,MIT,node_modules/stylelint/node_modules/ansi-regex/package.json,已安装依赖，含开发依赖；分发范围需结合锁文件和安装包确认
ansi-regex,5.0.1,MIT,node_modules/table/node_modules/ansi-regex/package.json,已安装依赖，含开发依赖；分发范围需结合锁文件和安装包确认
ansi-regex,5.0.1,MIT,node_modules/wide-align/node_modules/ansi-regex/package.json,已安装依赖，含开发依赖；分发范围需结合锁文件和安装包确认
ansi-regex,6.0.1,MIT,node_modules/lint-staged/node_modules/ansi-regex/package.json,已安装依赖，含开发依赖；分发范围需结合锁文件和安装包确认
ansi-styles,2.2.1,MIT,node_modules/postcss-less/node_modules/ansi-styles/package.json,已安装依赖，含开发依赖；分发范围需结合锁文件和安装包确认
ansi-styles,3.2.1,MIT,node_modules/@babel/core/node_modules/ansi-styles/package.json,已安装依赖，含开发依赖；分发范围需结合锁文件和安装包确认
ansi-styles,3.2.1,MIT,node_modules/@babel/highlight/node_modules/ansi-styles/package.json,已安装依赖，含开发依赖；分发范围需结合锁文件和安装包确认
ansi-styles,3.2.1,MIT,node_modules/@babel/template/node_modules/ansi-styles/package.json,已安装依赖，含开发依赖；分发范围需结合锁文件和安装包确认
ansi-styles,3.2.1,MIT,node_modules/@babel/traverse/node_modules/ansi-styles/package.json,已安装依赖，含开发依赖；分发范围需结合锁文件和安装包确认
ansi-styles,3.2.1,MIT,node_modules/autoprefixer/node_modules/ansi-styles/package.json,已安装依赖，含开发依赖；分发范围需结合锁文件和安装包确认
ansi-styles,3.2.1,MIT,node_modules/boxen/node_modules/ansi-styles/package.json,已安装依赖，含开发依赖；分发范围需结合锁文件和安装包确认
ansi-styles,3.2.1,MIT,node_modules/log-symbols/node_modules/ansi-styles/package.json,已安装依赖，含开发依赖；分发范围需结合锁文件和安装包确认
ansi-styles,3.2.1,MIT,node_modules/postcss-reporter/node_modules/ansi-styles/package.json,已安装依赖，含开发依赖；分发范围需结合锁文件和安装包确认
ansi-styles,3.2.1,MIT,node_modules/postcss-safe-parser/node_modules/ansi-styles/package.json,已安装依赖，含开发依赖；分发范围需结合锁文件和安装包确认
ansi-styles,3.2.1,MIT,node_modules/postcss-sass/node_modules/ansi-styles/package.json,已安装依赖，含开发依赖；分发范围需结合锁文件和安装包确认
ansi-styles,3.2.1,MIT,node_modules/postcss-scss/node_modules/ansi-styles/package.json,已安装依赖，含开发依赖；分发范围需结合锁文件和安装包确认
ansi-styles,3.2.1,MIT,node_modules/prettier-stylelint/node_modules/ansi-styles/package.json,已安装依赖，含开发依赖；分发范围需结合锁文件和安装包确认
ansi-styles,3.2.1,MIT,node_modules/replace/node_modules/ansi-styles/package.json,已安装依赖，含开发依赖；分发范围需结合锁文件和安装包确认
ansi-styles,3.2.1,MIT,node_modules/sugarss/node_modules/ansi-styles/package.json,已安装依赖，含开发依赖；分发范围需结合锁文件和安装包确认
ansi-styles,3.2.1,MIT,node_modules/update-notifier/node_modules/ansi-styles/package.json,已安装依赖，含开发依赖；分发范围需结合锁文件和安装包确认
ansi-styles,3.2.1,MIT,node_modules/webpack-bundle-analyzer/node_modules/ansi-styles/package.json,已安装依赖，含开发依赖；分发范围需结合锁文件和安装包确认
ansi-styles,3.2.1,MIT,node_modules/yargs/node_modules/ansi-styles/package.json,已安装依赖，含开发依赖；分发范围需结合锁文件和安装包确认
ansi-styles,4.3.0,MIT,node_modules/ansi-styles/package.json,已安装依赖，含开发依赖；分发范围需结合锁文件和安装包确认
ansi-styles,4.3.0,MIT,node_modules/replace/node_modules/wrap-ansi/node_modules/ansi-styles/package.json,已安装依赖，含开发依赖；分发范围需结合锁文件和安装包确认
ansi-styles,6.1.0,MIT,node_modules/lint-staged/node_modules/ansi-styles/package.json,已安装依赖，含开发依赖；分发范围需结合锁文件和安装包确认
anymatch,2.0.0,ISC,node_modules/anymatch/package.json,已安装依赖，含开发依赖；分发范围需结合锁文件和安装包确认
anymatch,3.1.2,ISC,node_modules/chokidar/node_modules/anymatch/package.json,已安装依赖，含开发依赖；分发范围需结合锁文件和安装包确认
app-builder-bin,4.0.0,MIT,node_modules/app-builder-bin/package.json,已安装依赖，含开发依赖；分发范围需结合锁文件和安装包确认
app-builder-lib,23.3.3,MIT,node_modules/app-builder-lib/package.json,已安装依赖，含开发依赖；分发范围需结合锁文件和安装包确认
aproba,1.2.0,ISC,node_modules/aproba/package.json,已安装依赖，含开发依赖；分发范围需结合锁文件和安装包确认
are-we-there-yet,1.1.7,ISC,node_modules/are-we-there-yet/package.json,已安装依赖，含开发依赖；分发范围需结合锁文件和安装包确认
argparse,1.0.10,MIT,node_modules/cosmiconfig/node_modules/argparse/package.json,已安装依赖，含开发依赖；分发范围需结合锁文件和安装包确认
argparse,2.0.1,Python-2.0,node_modules/argparse/package.json,已安装依赖，含开发依赖；分发范围需结合锁文件和安装包确认
aria-query,4.2.2,Apache-2.0,node_modules/aria-query/package.json,已安装依赖，含开发依赖；分发范围需结合锁文件和安装包确认
arr-diff,2.0.0,MIT,node_modules/prettier-stylelint/node_modules/arr-diff/package.json,已安装依赖，含开发依赖；分发范围需结合锁文件和安装包确认
arr-diff,4.0.0,MIT,node_modules/arr-diff/package.json,已安装依赖，含开发依赖；分发范围需结合锁文件和安装包确认
arr-flatten,1.1.0,MIT,node_modules/arr-flatten/package.json,已安装依赖，含开发依赖；分发范围需结合锁文件和安装包确认
arr-union,3.1.0,MIT,node_modules/arr-union/package.json,已安装依赖，含开发依赖；分发范围需结合锁文件和安装包确认
array-filter,1.0.0,MIT,node_modules/array-filter/package.json,已安装依赖，含开发依赖；分发范围需结合锁文件和安装包确认
array-find,1.0.0,MIT,node_modules/array-find/package.json,已安装依赖，含开发依赖；分发范围需结合锁文件和安装包确认
array-find-index,1.0.2,MIT,node_modules/array-find-index/package.json,已安装依赖，含开发依赖；分发范围需结合锁文件和安装包确认
array-flatten,1.1.1,MIT,node_modules/array-flatten/package.json,已安装依赖，含开发依赖；分发范围需结合锁文件和安装包确认
array-flatten,2.1.2,MIT,node_modules/bonjour/node_modules/array-flatten/package.json,已安装依赖，含开发依赖；分发范围需结合锁文件和安装包确认
array-includes,3.1.1,MIT,node_modules/jsx-ast-utils/node_modules/array-includes/package.json,已安装依赖，含开发依赖；分发范围需结合锁文件和安装包确认
array-includes,3.1.4,MIT,node_modules/eslint-plugin-import/node_modules/array-includes/package.json,已安装依赖，含开发依赖；分发范围需结合锁文件和安装包确认
array-includes,3.1.6,MIT,node_modules/array-includes/package.json,已安装依赖，含开发依赖；分发范围需结合锁文件和安装包确认
array-union,1.0.2,MIT,node_modules/array-union/package.json,已安装依赖，含开发依赖；分发范围需结合锁文件和安装包确认
array-union,2.1.0,MIT,node_modules/stylelint/node_modules/array-union/package.json,已安装依赖，含开发依赖；分发范围需结合锁文件和安装包确认
array-uniq,1.0.3,MIT,node_modules/array-uniq/package.json,已安装依赖，含开发依赖；分发范围需结合锁文件和安装包确认
array-unique,0.2.1,"{""type"": ""MIT"", ""url"": ""https://github.com/jonschlinkert/array-unique/blob/master/LICENSE""}",node_modules/prettier-stylelint/node_modules/array-unique/package.json,已安装依赖，含开发依赖；分发范围需结合锁文件和安装包确认
array-unique,0.3.2,MIT,node_modules/array-unique/package.json,已安装依赖，含开发依赖；分发范围需结合锁文件和安装包确认
array.prototype.flat,1.2.5,MIT,node_modules/array.prototype.flat/package.json,已安装依赖，含开发依赖；分发范围需结合锁文件和安装包确认
array.prototype.flatmap,1.3.1,MIT,node_modules/array.prototype.flatmap/package.json,已安装依赖，含开发依赖；分发范围需结合锁文件和安装包确认
arrify,1.0.1,MIT,node_modules/arrify/package.json,已安装依赖，含开发依赖；分发范围需结合锁文件和安装包确认
asar,3.1.0,MIT,node_modules/asar/package.json,已安装依赖，含开发依赖；分发范围需结合锁文件和安装包确认
asn1,0.2.4,MIT,node_modules/asn1/package.json,已安装依赖，含开发依赖；分发范围需结合锁文件和安装包确认
assert-plus,1.0.0,MIT,node_modules/assert-plus/package.json,已安装依赖，含开发依赖；分发范围需结合锁文件和安装包确认
assign-symbols,1.0.0,MIT,node_modules/assign-symbols/package.json,已安装依赖，含开发依赖；分发范围需结合锁文件和安装包确认
ast-metadata-inferer,0.7.0,MIT,node_modules/ast-metadata-inferer/package.json,已安装依赖，含开发依赖；分发范围需结合锁文件和安装包确认
ast-types-flow,0.0.7,ISC,node_modules/ast-types-flow/package.json,已安装依赖，含开发依赖；分发范围需结合锁文件和安装包确认
astral-regex,2.0.0,MIT,node_modules/astral-regex/package.json,已安装依赖，含开发依赖；分发范围需结合锁文件和安装包确认
async,2.6.4,MIT,node_modules/async/package.json,已安装依赖，含开发依赖；分发范围需结合锁文件和安装包确认
async,3.2.4,MIT,node_modules/jake/node_modules/async/package.json,已安装依赖，含开发依赖；分发范围需结合锁文件和安装包确认
async-each,1.0.3,MIT,node_modules/async-each/package.json,已安装依赖，含开发依赖；分发范围需结合锁文件和安装包确认
async-exit-hook,2.0.1,MIT,node_modules/async-exit-hook/package.json,已安装依赖，含开发依赖；分发范围需结合锁文件和安装包确认
async-limiter,1.0.1,MIT,node_modules/async-limiter/package.json,已安装依赖，含开发依赖；分发范围需结合锁文件和安装包确认
asynckit,0.4.0,MIT,node_modules/asynckit/package.json,已安装依赖，含开发依赖；分发范围需结合锁文件和安装包确认
at-least-node,1.0.0,ISC,node_modules/at-least-node/package.json,已安装依赖，含开发依赖；分发范围需结合锁文件和安装包确认
atob,2.1.2,(MIT OR Apache-2.0),node_modules/atob/package.json,已安装依赖，含开发依赖；分发范围需结合锁文件和安装包确认
autoprefixer,7.2.6,MIT,node_modules/autoprefixer/package.json,已安装依赖，含开发依赖；分发范围需结合锁文件和安装包确认
available-typed-arrays,1.0.2,MIT,node_modules/available-typed-arrays/package.json,已安装依赖，含开发依赖；分发范围需结合锁文件和安装包确认
aws-sign2,0.7.0,Apache-2.0,node_modules/aws-sign2/package.json,已安装依赖，含开发依赖；分发范围需结合锁文件和安装包确认
aws4,1.11.0,MIT,node_modules/aws4/package.json,已安装依赖，含开发依赖；分发范围需结合锁文件和安装包确认
axe-core,4.5.1,MPL-2.0,node_modules/axe-core/package.json,已安装依赖，含开发依赖；分发范围需结合锁文件和安装包确认
axios,1.6.8,MIT,node_modules/axios/package.json,已安装依赖，含开发依赖；分发范围需结合锁文件和安装包确认
axobject-query,2.2.0,Apache-2.0,node_modules/axobject-query/package.json,已安装依赖，含开发依赖；分发范围需结合锁文件和安装包确认
babel-core,7.0.0-bridge.0,MIT,node_modules/babel-core/package.json,已安装依赖，含开发依赖；分发范围需结合锁文件和安装包确认
babel-eslint,10.1.0,MIT,node_modules/babel-eslint/package.json,已安装依赖，含开发依赖；分发范围需结合锁文件和安装包确认
babel-loader,8.3.0,MIT,node_modules/babel-loader/package.json,已安装依赖，含开发依赖；分发范围需结合锁文件和安装包确认
babel-plugin-dev-expression,0.2.3,MIT,node_modules/babel-plugin-dev-expression/package.json,已安装依赖，含开发依赖；分发范围需结合锁文件和安装包确认
babel-plugin-polyfill-corejs2,0.3.3,MIT,node_modules/babel-plugin-polyfill-corejs2/package.json,已安装依赖，含开发依赖；分发范围需结合锁文件和安装包确认
babel-plugin-polyfill-corejs3,0.6.0,MIT,node_modules/babel-plugin-polyfill-corejs3/package.json,已安装依赖，含开发依赖；分发范围需结合锁文件和安装包确认
babel-plugin-polyfill-regenerator,0.4.1,MIT,node_modules/babel-plugin-polyfill-regenerator/package.json,已安装依赖，含开发依赖；分发范围需结合锁文件和安装包确认
babel-plugin-styled-components,1.11.1,MIT,node_modules/babel-plugin-styled-components/package.json,已安装依赖，含开发依赖；分发范围需结合锁文件和安装包确认
babel-plugin-syntax-jsx,6.18.0,MIT,node_modules/babel-plugin-syntax-jsx/package.json,已安装依赖，含开发依赖；分发范围需结合锁文件和安装包确认
babel-plugin-transform-react-remove-prop-types,0.4.24,MIT,node_modules/babel-plugin-transform-react-remove-prop-types/package.json,已安装依赖，含开发依赖；分发范围需结合锁文件和安装包确认
bail,1.0.5,MIT,node_modules/bail/package.json,已安装依赖，含开发依赖；分发范围需结合锁文件和安装包确认
balanced-match,1.0.0,MIT,node_modules/balanced-match/package.json,已安装依赖，含开发依赖；分发范围需结合锁文件和安装包确认
balanced-match,2.0.0,MIT,node_modules/stylelint/node_modules/balanced-match/package.json,已安装依赖，含开发依赖；分发范围需结合锁文件和安装包确认
base,0.11.2,MIT,node_modules/base/package.json,已安装依赖，含开发依赖；分发范围需结合锁文件和安装包确认
base64-js,1.5.1,MIT,node_modules/base64-js/package.json,已安装依赖，含开发依赖；分发范围需结合锁文件和安装包确认
batch,0.6.1,MIT,node_modules/batch/package.json,已安装依赖，含开发依赖；分发范围需结合锁文件和安装包确认
bcrypt-pbkdf,1.0.2,BSD-3-Clause,node_modules/bcrypt-pbkdf/package.json,已安装依赖，含开发依赖；分发范围需结合锁文件和安装包确认
bfj,6.1.2,MIT,node_modules/bfj/package.json,已安装依赖，含开发依赖；分发范围需结合锁文件和安装包确认
big.js,5.2.2,MIT,node_modules/big.js/package.json,已安装依赖，含开发依赖；分发范围需结合锁文件和安装包确认
binary-extensions,1.13.1,MIT,node_modules/binary-extensions/package.json,已安装依赖，含开发依赖；分发范围需结合锁文件和安装包确认
binary-extensions,2.2.0,MIT,node_modules/chokidar/node_modules/binary-extensions/package.json,已安装依赖，含开发依赖；分发范围需结合锁文件和安装包确认
bindings,1.5.0,MIT,node_modules/bindings/package.json,已安装依赖，含开发依赖；分发范围需结合锁文件和安装包确认
bl,4.1.0,MIT,node_modules/bl/package.json,已安装依赖，含开发依赖；分发范围需结合锁文件和安装包确认
bluebird,3.7.2,MIT,node_modules/bluebird/package.json,已安装依赖，含开发依赖；分发范围需结合锁文件和安装包确认
bluebird-lst,1.0.9,MIT,node_modules/bluebird-lst/package.json,已安装依赖，含开发依赖；分发范围需结合锁文件和安装包确认
body-parser,1.20.1,MIT,node_modules/body-parser/package.json,已安装依赖，含开发依赖；分发范围需结合锁文件和安装包确认
bonjour,3.5.0,MIT,node_modules/bonjour/package.json,已安装依赖，含开发依赖；分发范围需结合锁文件和安装包确认
boolbase,1.0.0,ISC,node_modules/boolbase/package.json,已安装依赖，含开发依赖；分发范围需结合锁文件和安装包确认
boolean,3.0.1,MIT,node_modules/boolean/package.json,已安装依赖，含开发依赖；分发范围需结合锁文件和安装包确认
boxen,1.3.0,MIT,node_modules/boxen/package.json,已安装依赖，含开发依赖；分发范围需结合锁文件和安装包确认
boxen,5.1.2,MIT,node_modules/electron-builder/node_modules/boxen/package.json,已安装依赖，含开发依赖；分发范围需结合锁文件和安装包确认
brace-expansion,1.1.11,MIT,node_modules/brace-expansion/package.json,已安装依赖，含开发依赖；分发范围需结合锁文件和安装包确认
braces,1.8.5,MIT,node_modules/prettier-stylelint/node_modules/braces/package.json,已安装依赖，含开发依赖；分发范围需结合锁文件和安装包确认
braces,2.3.2,MIT,node_modules/micromatch/node_modules/braces/package.json,已安装依赖，含开发依赖；分发范围需结合锁文件和安装包确认
braces,2.3.2,MIT,node_modules/webpack-dev-server/node_modules/braces/package.json,已安装依赖，含开发依赖；分发范围需结合锁文件和安装包确认
braces,3.0.2,MIT,node_modules/braces/package.json,已安装依赖，含开发依赖；分发范围需结合锁文件和安装包确认
browserslist,2.11.3,MIT,node_modules/autoprefixer/node_modules/browserslist/package.json,已安装依赖，含开发依赖；分发范围需结合锁文件和安装包确认
browserslist,4.14.6,MIT,node_modules/caniuse-api/node_modules/browserslist/package.json,已安装依赖，含开发依赖；分发范围需结合锁文件和安装包确认
browserslist,4.19.1,MIT,node_modules/browserslist/package.json,已安装依赖，含开发依赖；分发范围需结合锁文件和安装包确认
browserslist,4.21.4,MIT,node_modules/@babel/helper-compilation-targets/node_modules/browserslist/package.json,已安装依赖，含开发依赖；分发范围需结合锁文件和安装包确认
browserslist,4.21.4,MIT,node_modules/core-js-compat/node_modules/browserslist/package.json,已安装依赖，含开发依赖；分发范围需结合锁文件和安装包确认
browserslist,4.23.0,MIT,node_modules/webpack/node_modules/browserslist/package.json,已安装依赖，含开发依赖；分发范围需结合锁文件和安装包确认
browserslist-config-erb,0.0.3,MIT,node_modules/browserslist-config-erb/package.json,已安装依赖，含开发依赖；分发范围需结合锁文件和安装包确认
buffer,5.7.1,MIT,node_modules/buffer/package.json,已安装依赖，含开发依赖；分发范围需结合锁文件和安装包确认
buffer-alloc,1.2.0,MIT,node_modules/buffer-alloc/package.json,已安装依赖，含开发依赖；分发范围需结合锁文件和安装包确认
buffer-alloc-unsafe,1.1.0,MIT,node_modules/buffer-alloc-unsafe/package.json,已安装依赖，含开发依赖；分发范围需结合锁文件和安装包确认
buffer-crc32,0.2.13,MIT,node_modules/buffer-crc32/package.json,已安装依赖，含开发依赖；分发范围需结合锁文件和安装包确认
buffer-equal,1.0.0,MIT,node_modules/buffer-equal/package.json,已安装依赖，含开发依赖；分发范围需结合锁文件和安装包确认
buffer-fill,1.0.0,MIT,node_modules/buffer-fill/package.json,已安装依赖，含开发依赖；分发范围需结合锁文件和安装包确认
buffer-from,1.1.1,MIT,node_modules/buffer-from/package.json,已安装依赖，含开发依赖；分发范围需结合锁文件和安装包确认
buffer-indexof,1.1.1,MIT,node_modules/buffer-indexof/package.json,已安装依赖，含开发依赖；分发范围需结合锁文件和安装包确认
builder-util,23.3.3,MIT,node_modules/builder-util/package.json,已安装依赖，含开发依赖；分发范围需结合锁文件和安装包确认
builder-util-runtime,9.0.3,MIT,node_modules/builder-util-runtime/package.json,已安装依赖，含开发依赖；分发范围需结合锁文件和安装包确认
bytes,3.0.0,MIT,node_modules/compression/node_modules/bytes/package.json,已安装依赖，含开发依赖；分发范围需结合锁文件和安装包确认
bytes,3.1.2,MIT,node_modules/bytes/package.json,已安装依赖，含开发依赖；分发范围需结合锁文件和安装包确认
cache-base,1.0.1,MIT,node_modules/cache-base/package.json,已安装依赖，含开发依赖；分发范围需结合锁文件和安装包确认
cacheable-request,6.1.0,MIT,node_modules/cacheable-request/package.json,已安装依赖，含开发依赖；分发范围需结合锁文件和安装包确认
call-bind,1.0.0,MIT,node_modules/object.assign/node_modules/call-bind/package.json,已安装依赖，含开发依赖；分发范围需结合锁文件和安装包确认
call-bind,1.0.0,MIT,node_modules/side-channel/node_modules/call-bind/package.json,已安装依赖，含开发依赖；分发范围需结合锁文件和安装包确认
call-bind,1.0.2,MIT,node_modules/call-bind/package.json,已安装依赖，含开发依赖；分发范围需结合锁文件和安装包确认
callsites,3.1.0,MIT,node_modules/callsites/package.json,已安装依赖，含开发依赖；分发范围需结合锁文件和安装包确认
camel-case,4.1.2,MIT,node_modules/camel-case/package.json,已安装依赖，含开发依赖；分发范围需结合锁文件和安装包确认
camelcase,2.1.1,MIT,node_modules/camelcase-keys/node_modules/camelcase/package.json,已安装依赖，含开发依赖；分发范围需结合锁文件和安装包确认
camelcase,4.1.0,MIT,node_modules/boxen/node_modules/camelcase/package.json,已安装依赖，含开发依赖；分发范围需结合锁文件和安装包确认
camelcase,4.1.0,MIT,node_modules/prettier-stylelint/node_modules/camelcase/package.json,已安装依赖，含开发依赖；分发范围需结合锁文件和安装包确认
camelcase,5.3.1,MIT,node_modules/camelcase/package.json,已安装依赖，含开发依赖；分发范围需结合锁文件和安装包确认
camelcase,6.3.0,MIT,node_modules/electron-builder/node_modules/camelcase/package.json,已安装依赖，含开发依赖；分发范围需结合锁文件和安装包确认
camelcase-keys,2.1.0,MIT,node_modules/camelcase-keys/package.json,已安装依赖，含开发依赖；分发范围需结合锁文件和安装包确认
camelcase-keys,4.2.0,MIT,node_modules/prettier-stylelint/node_modules/camelcase-keys/package.json,已安装依赖，含开发依赖；分发范围需结合锁文件和安装包确认
camelcase-keys,6.2.2,MIT,node_modules/stylelint/node_modules/camelcase-keys/package.json,已安装依赖，含开发依赖；分发范围需结合锁文件和安装包确认
camelize,1.0.0,MIT,node_modules/camelize/package.json,已安装依赖，含开发依赖；分发范围需结合锁文件和安装包确认
caniuse-api,3.0.0,MIT,node_modules/caniuse-api/package.json,已安装依赖，含开发依赖；分发范围需结合锁文件和安装包确认
caniuse-lite,1.0.30001312,CC-BY-4.0,node_modules/caniuse-lite/package.json,已安装依赖，含开发依赖；分发范围需结合锁文件和安装包确认
caniuse-lite,1.0.30001431,CC-BY-4.0,node_modules/@babel/helper-compilation-targets/node_modules/caniuse-lite/package.json,已安装依赖，含开发依赖；分发范围需结合锁文件和安装包确认
caniuse-lite,1.0.30001431,CC-BY-4.0,node_modules/autoprefixer/node_modules/caniuse-lite/package.json,已安装依赖，含开发依赖；分发范围需结合锁文件和安装包确认
caniuse-lite,1.0.30001431,CC-BY-4.0,node_modules/core-js-compat/node_modules/caniuse-lite/package.json,已安装依赖，含开发依赖；分发范围需结合锁文件和安装包确认
caniuse-lite,1.0.30001612,CC-BY-4.0,node_modules/webpack/node_modules/caniuse-lite/package.json,已安装依赖，含开发依赖；分发范围需结合锁文件和安装包确认
capture-stack-trace,1.0.2,MIT,node_modules/capture-stack-trace/package.json,已安装依赖，含开发依赖；分发范围需结合锁文件和安装包确认
caseless,0.12.0,Apache-2.0,node_modules/caseless/package.json,已安装依赖，含开发依赖；分发范围需结合锁文件和安装包确认
ccount,1.1.0,MIT,node_modules/ccount/package.json,已安装依赖，含开发依赖；分发范围需结合锁文件和安装包确认
chalk,1.1.3,MIT,node_modules/postcss-less/node_modules/chalk/package.json,已安装依赖，含开发依赖；分发范围需结合锁文件和安装包确认
chalk,2.4.2,MIT,node_modules/@babel/core/node_modules/chalk/package.json,已安装依赖，含开发依赖；分发范围需结合锁文件和安装包确认
chalk,2.4.2,MIT,node_modules/@babel/highlight/node_modules/chalk/package.json,已安装依赖，含开发依赖；分发范围需结合锁文件和安装包确认
chalk,2.4.2,MIT,node_modules/@babel/template/node_modules/chalk/package.json,已安装依赖，含开发依赖；分发范围需结合锁文件和安装包确认
chalk,2.4.2,MIT,node_modules/@babel/traverse/node_modules/chalk/package.json,已安装依赖，含开发依赖；分发范围需结合锁文件和安装包确认
chalk,2.4.2,MIT,node_modules/autoprefixer/node_modules/chalk/package.json,已安装依赖，含开发依赖；分发范围需结合锁文件和安装包确认
chalk,2.4.2,MIT,node_modules/boxen/node_modules/chalk/package.json,已安装依赖，含开发依赖；分发范围需结合锁文件和安装包确认
chalk,2.4.2,MIT,node_modules/log-symbols/node_modules/chalk/package.json,已安装依赖，含开发依赖；分发范围需结合锁文件和安装包确认
chalk,2.4.2,MIT,node_modules/postcss-reporter/node_modules/chalk/package.json,已安装依赖，含开发依赖；分发范围需结合锁文件和安装包确认
chalk,2.4.2,MIT,node_modules/postcss-safe-parser/node_modules/chalk/package.json,已安装依赖，含开发依赖；分发范围需结合锁文件和安装包确认
chalk,2.4.2,MIT,node_modules/postcss-sass/node_modules/chalk/package.json,已安装依赖，含开发依赖；分发范围需结合锁文件和安装包确认
chalk,2.4.2,MIT,node_modules/postcss-scss/node_modules/chalk/package.json,已安装依赖，含开发依赖；分发范围需结合锁文件和安装包确认
chalk,2.4.2,MIT,node_modules/prettier-stylelint/node_modules/chalk/package.json,已安装依赖，含开发依赖；分发范围需结合锁文件和安装包确认
chalk,2.4.2,MIT,node_modules/replace/node_modules/chalk/package.json,已安装依赖，含开发依赖；分发范围需结合锁文件和安装包确认
chalk,2.4.2,MIT,node_modules/sugarss/node_modules/chalk/package.json,已安装依赖，含开发依赖；分发范围需结合锁文件和安装包确认
chalk,2.4.2,MIT,node_modules/update-notifier/node_modules/chalk/package.json,已安装依赖，含开发依赖；分发范围需结合锁文件和安装包确认
chalk,2.4.2,MIT,node_modules/webpack-bundle-analyzer/node_modules/chalk/package.json,已安装依赖，含开发依赖；分发范围需结合锁文件和安装包确认
chalk,4.1.0,MIT,node_modules/chalk/package.json,已安装依赖，含开发依赖；分发范围需结合锁文件和安装包确认
chalk,4.1.0,MIT,node_modules/electron-builder/node_modules/boxen/node_modules/chalk/package.json,已安装依赖，含开发依赖；分发范围需结合锁文件和安装包确认
chalk,4.1.0,MIT,node_modules/electron-builder/node_modules/update-notifier/node_modules/chalk/package.json,已安装依赖，含开发依赖；分发范围需结合锁文件和安装包确认
chalk,4.1.2,MIT,node_modules/builder-util/node_modules/chalk/package.json,已安装依赖，含开发依赖；分发范围需结合锁文件和安装包确认
chalk,4.1.2,MIT,node_modules/electron-builder/node_modules/chalk/package.json,已安装依赖，含开发依赖；分发范围需结合锁文件和安装包确认
chalk,4.1.2,MIT,node_modules/electron-publish/node_modules/chalk/package.json,已安装依赖，含开发依赖；分发范围需结合锁文件和安装包确认
chalk,4.1.2,MIT,node_modules/jake/node_modules/chalk/package.json,已安装依赖，含开发依赖；分发范围需结合锁文件和安装包确认
chalk,5.0.0,MIT,node_modules/zx/node_modules/chalk/package.json,已安装依赖，含开发依赖；分发范围需结合锁文件和安装包确认
character-entities,1.2.4,MIT,node_modules/character-entities/package.json,已安装依赖，含开发依赖；分发范围需结合锁文件和安装包确认
character-entities-html4,1.1.4,MIT,node_modules/character-entities-html4/package.json,已安装依赖，含开发依赖；分发范围需结合锁文件和安装包确认
character-entities-legacy,1.1.4,MIT,node_modules/character-entities-legacy/package.json,已安装依赖，含开发依赖；分发范围需结合锁文件和安装包确认
character-reference-invalid,1.1.4,MIT,node_modules/character-reference-invalid/package.json,已安装依赖，含开发依赖；分发范围需结合锁文件和安装包确认
check-types,8.0.3,MIT,node_modules/check-types/package.json,已安装依赖，含开发依赖；分发范围需结合锁文件和安装包确认
chokidar,2.1.8,MIT,node_modules/webpack-dev-server/node_modules/chokidar/package.json,已安装依赖，含开发依赖；分发范围需结合锁文件和安装包确认
chokidar,3.5.3,MIT,node_modules/chokidar/package.json,已安装依赖，含开发依赖；分发范围需结合锁文件和安装包确认
chownr,1.1.4,ISC,node_modules/chownr/package.json,已安装依赖，含开发依赖；分发范围需结合锁文件和安装包确认
chownr,2.0.0,ISC,node_modules/tar/node_modules/chownr/package.json,已安装依赖，含开发依赖；分发范围需结合锁文件和安装包确认
chrome-trace-event,1.0.2,MIT,node_modules/chrome-trace-event/package.json,已安装依赖，含开发依赖；分发范围需结合锁文件和安装包确认
chromium-pickle-js,0.2.0,MIT,node_modules/chromium-pickle-js/package.json,已安装依赖，含开发依赖；分发范围需结合锁文件和安装包确认
ci-info,1.6.0,MIT,node_modules/update-notifier/node_modules/ci-info/package.json,已安装依赖，含开发依赖；分发范围需结合锁文件和安装包确认
ci-info,2.0.0,MIT,node_modules/ci-info/package.json,已安装依赖，含开发依赖；分发范围需结合锁文件和安装包确认
ci-info,3.3.0,MIT,node_modules/is-ci/node_modules/ci-info/package.json,已安装依赖，含开发依赖；分发范围需结合锁文件和安装包确认
circular-json,0.3.3,MIT,node_modules/circular-json/package.json,已安装依赖，含开发依赖；分发范围需结合锁文件和安装包确认
class-utils,0.3.6,MIT,node_modules/class-utils/package.json,已安装依赖，含开发依赖；分发范围需结合锁文件和安装包确认
classnames,2.3.1,MIT,node_modules/classnames/package.json,已安装依赖，含开发依赖；分发范围需结合锁文件和安装包确认
clean-css,5.3.1,MIT,node_modules/clean-css/package.json,已安装依赖，含开发依赖；分发范围需结合锁文件和安装包确认
clean-stack,2.2.0,MIT,node_modules/clean-stack/package.json,已安装依赖，含开发依赖；分发范围需结合锁文件和安装包确认
clean-webpack-plugin,3.0.0,MIT,node_modules/clean-webpack-plugin/package.json,已安装依赖，含开发依赖；分发范围需结合锁文件和安装包确认
cli-boxes,1.0.0,MIT,node_modules/cli-boxes/package.json,已安装依赖，含开发依赖；分发范围需结合锁文件和安装包确认
cli-boxes,2.2.1,MIT,node_modules/electron-builder/node_modules/cli-boxes/package.json,已安装依赖，含开发依赖；分发范围需结合锁文件和安装包确认
cli-cursor,3.1.0,MIT,node_modules/cli-cursor/package.json,已安装依赖，含开发依赖；分发范围需结合锁文件和安装包确认
cli-truncate,2.1.0,MIT,node_modules/cli-truncate/package.json,已安装依赖，含开发依赖；分发范围需结合锁文件和安装包确认
cli-truncate,3.1.0,MIT,node_modules/lint-staged/node_modules/cli-truncate/package.json,已安装依赖，含开发依赖；分发范围需结合锁文件和安装包确认
cliui,5.0.0,ISC,node_modules/yargs/node_modules/cliui/package.json,已安装依赖，含开发依赖；分发范围需结合锁文件和安装包确认
cliui,6.0.0,ISC,node_modules/replace/node_modules/cliui/package.json,已安装依赖，含开发依赖；分发范围需结合锁文件和安装包确认
cliui,7.0.3,ISC,node_modules/cliui/package.json,已安装依赖，含开发依赖；分发范围需结合锁文件和安装包确认
clone-deep,4.0.1,MIT,node_modules/clone-deep/package.json,已安装依赖，含开发依赖；分发范围需结合锁文件和安装包确认
clone-regexp,1.0.1,MIT,node_modules/clone-regexp/package.json,已安装依赖，含开发依赖；分发范围需结合锁文件和安装包确认
clone-response,1.0.2,MIT,node_modules/clone-response/package.json,已安装依赖，含开发依赖；分发范围需结合锁文件和安装包确认
clsx,1.1.1,MIT,node_modules/clsx/package.json,已安装依赖，含开发依赖；分发范围需结合锁文件和安装包确认
code-point-at,1.1.0,MIT,node_modules/code-point-at/package.json,已安装依赖，含开发依赖；分发范围需结合锁文件和安装包确认
collapse-white-space,1.0.6,MIT,node_modules/collapse-white-space/package.json,已安装依赖，含开发依赖；分发范围需结合锁文件和安装包确认
collection-visit,1.0.0,MIT,node_modules/collection-visit/package.json,已安装依赖，含开发依赖；分发范围需结合锁文件和安装包确认
color-convert,1.9.3,MIT,node_modules/@babel/core/node_modules/color-convert/package.json,已安装依赖，含开发依赖；分发范围需结合锁文件和安装包确认
color-convert,1.9.3,MIT,node_modules/@babel/highlight/node_modules/color-convert/package.json,已安装依赖，含开发依赖；分发范围需结合锁文件和安装包确认
color-convert,1.9.3,MIT,node_modules/@babel/template/node_modules/color-convert/package.json,已安装依赖，含开发依赖；分发范围需结合锁文件和安装包确认
color-convert,1.9.3,MIT,node_modules/@babel/traverse/node_modules/color-convert/package.json,已安装依赖，含开发依赖；分发范围需结合锁文件和安装包确认
color-convert,1.9.3,MIT,node_modules/autoprefixer/node_modules/color-convert/package.json,已安装依赖，含开发依赖；分发范围需结合锁文件和安装包确认
color-convert,1.9.3,MIT,node_modules/boxen/node_modules/color-convert/package.json,已安装依赖，含开发依赖；分发范围需结合锁文件和安装包确认
color-convert,1.9.3,MIT,node_modules/log-symbols/node_modules/color-convert/package.json,已安装依赖，含开发依赖；分发范围需结合锁文件和安装包确认
color-convert,1.9.3,MIT,node_modules/postcss-reporter/node_modules/color-convert/package.json,已安装依赖，含开发依赖；分发范围需结合锁文件和安装包确认
color-convert,1.9.3,MIT,node_modules/postcss-safe-parser/node_modules/color-convert/package.json,已安装依赖，含开发依赖；分发范围需结合锁文件和安装包确认
color-convert,1.9.3,MIT,node_modules/postcss-sass/node_modules/color-convert/package.json,已安装依赖，含开发依赖；分发范围需结合锁文件和安装包确认
color-convert,1.9.3,MIT,node_modules/postcss-scss/node_modules/color-convert/package.json,已安装依赖，含开发依赖；分发范围需结合锁文件和安装包确认
color-convert,1.9.3,MIT,node_modules/prettier-stylelint/node_modules/color-convert/package.json,已安装依赖，含开发依赖；分发范围需结合锁文件和安装包确认
color-convert,1.9.3,MIT,node_modules/replace/node_modules/color-convert/package.json,已安装依赖，含开发依赖；分发范围需结合锁文件和安装包确认
color-convert,1.9.3,MIT,node_modules/sugarss/node_modules/color-convert/package.json,已安装依赖，含开发依赖；分发范围需结合锁文件和安装包确认
color-convert,1.9.3,MIT,node_modules/update-notifier/node_modules/color-convert/package.json,已安装依赖，含开发依赖；分发范围需结合锁文件和安装包确认
color-convert,1.9.3,MIT,node_modules/webpack-bundle-analyzer/node_modules/color-convert/package.json,已安装依赖，含开发依赖；分发范围需结合锁文件和安装包确认
color-convert,1.9.3,MIT,node_modules/yargs/node_modules/color-convert/package.json,已安装依赖，含开发依赖；分发范围需结合锁文件和安装包确认
color-convert,2.0.1,MIT,node_modules/color-convert/package.json,已安装依赖，含开发依赖；分发范围需结合锁文件和安装包确认
color-convert,2.0.1,MIT,node_modules/replace/node_modules/wrap-ansi/node_modules/color-convert/package.json,已安装依赖，含开发依赖；分发范围需结合锁文件和安装包确认
color-name,1.1.3,MIT,node_modules/@babel/core/node_modules/color-name/package.json,已安装依赖，含开发依赖；分发范围需结合锁文件和安装包确认
color-name,1.1.3,MIT,node_modules/@babel/highlight/node_modules/color-name/package.json,已安装依赖，含开发依赖；分发范围需结合锁文件和安装包确认
color-name,1.1.3,MIT,node_modules/@babel/template/node_modules/color-name/package.json,已安装依赖，含开发依赖；分发范围需结合锁文件和安装包确认
color-name,1.1.3,MIT,node_modules/@babel/traverse/node_modules/color-name/package.json,已安装依赖，含开发依赖；分发范围需结合锁文件和安装包确认
color-name,1.1.3,MIT,node_modules/autoprefixer/node_modules/color-name/package.json,已安装依赖，含开发依赖；分发范围需结合锁文件和安装包确认
color-name,1.1.3,MIT,node_modules/boxen/node_modules/color-name/package.json,已安装依赖，含开发依赖；分发范围需结合锁文件和安装包确认
color-name,1.1.3,MIT,node_modules/log-symbols/node_modules/color-name/package.json,已安装依赖，含开发依赖；分发范围需结合锁文件和安装包确认
color-name,1.1.3,MIT,node_modules/postcss-reporter/node_modules/color-name/package.json,已安装依赖，含开发依赖；分发范围需结合锁文件和安装包确认
color-name,1.1.3,MIT,node_modules/postcss-safe-parser/node_modules/color-name/package.json,已安装依赖，含开发依赖；分发范围需结合锁文件和安装包确认
color-name,1.1.3,MIT,node_modules/postcss-sass/node_modules/color-name/package.json,已安装依赖，含开发依赖；分发范围需结合锁文件和安装包确认
color-name,1.1.3,MIT,node_modules/postcss-scss/node_modules/color-name/package.json,已安装依赖，含开发依赖；分发范围需结合锁文件和安装包确认
color-name,1.1.3,MIT,node_modules/prettier-stylelint/node_modules/color-name/package.json,已安装依赖，含开发依赖；分发范围需结合锁文件和安装包确认
color-name,1.1.3,MIT,node_modules/replace/node_modules/color-name/package.json,已安装依赖，含开发依赖；分发范围需结合锁文件和安装包确认
color-name,1.1.3,MIT,node_modules/sugarss/node_modules/color-name/package.json,已安装依赖，含开发依赖；分发范围需结合锁文件和安装包确认
color-name,1.1.3,MIT,node_modules/update-notifier/node_modules/color-name/package.json,已安装依赖，含开发依赖；分发范围需结合锁文件和安装包确认
color-name,1.1.3,MIT,node_modules/webpack-bundle-analyzer/node_modules/color-name/package.json,已安装依赖，含开发依赖；分发范围需结合锁文件和安装包确认
color-name,1.1.3,MIT,node_modules/yargs/node_modules/color-name/package.json,已安装依赖，含开发依赖；分发范围需结合锁文件和安装包确认
color-name,1.1.4,MIT,node_modules/color-name/package.json,已安装依赖，含开发依赖；分发范围需结合锁文件和安装包确认
color-name,1.1.4,MIT,node_modules/replace/node_modules/wrap-ansi/node_modules/color-name/package.json,已安装依赖，含开发依赖；分发范围需结合锁文件和安装包确认
colord,2.9.2,MIT,node_modules/colord/package.json,已安装依赖，含开发依赖；分发范围需结合锁文件和安装包确认
colord,2.9.3,MIT,node_modules/stylelint/node_modules/colord/package.json,已安装依赖，含开发依赖；分发范围需结合锁文件和安装包确认
colorette,2.0.16,MIT,node_modules/listr2/node_modules/colorette/package.json,已安装依赖，含开发依赖；分发范围需结合锁文件和安装包确认
colorette,2.0.19,MIT,node_modules/colorette/package.json,已安装依赖，含开发依赖；分发范围需结合锁文件和安装包确认
colors,1.0.3,MIT,node_modules/colors/package.json,已安装依赖，含开发依赖；分发范围需结合锁文件和安装包确认
combined-stream,1.0.8,MIT,node_modules/combined-stream/package.json,已安装依赖，含开发依赖；分发范围需结合锁文件和安装包确认
commander,2.20.3,MIT,node_modules/commander/package.json,已安装依赖，含开发依赖；分发范围需结合锁文件和安装包确认
commander,2.9.0,MIT,node_modules/dir-compare/node_modules/commander/package.json,已安装依赖，含开发依赖；分发范围需结合锁文件和安装包确认
commander,5.1.0,MIT,node_modules/asar/node_modules/commander/package.json,已安装依赖，含开发依赖；分发范围需结合锁文件和安装包确认
commander,7.2.0,MIT,node_modules/svgo/node_modules/commander/package.json,已安装依赖，含开发依赖；分发范围需结合锁文件和安装包确认
commander,7.2.0,MIT,node_modules/webpack-cli/node_modules/commander/package.json,已安装依赖，含开发依赖；分发范围需结合锁文件和安装包确认
commander,8.3.0,MIT,node_modules/html-minifier-terser/node_modules/commander/package.json,已安装依赖，含开发依赖；分发范围需结合锁文件和安装包确认
commander,9.4.1,MIT,node_modules/lint-staged/node_modules/commander/package.json,已安装依赖，含开发依赖；分发范围需结合锁文件和安装包确认
comment-parser,1.3.1,MIT,node_modules/comment-parser/package.json,已安装依赖，含开发依赖；分发范围需结合锁文件和安装包确认
commondir,1.0.1,MIT,node_modules/commondir/package.json,已安装依赖，含开发依赖；分发范围需结合锁文件和安装包确认
compare-version,0.1.2,MIT,node_modules/compare-version/package.json,已安装依赖，含开发依赖；分发范围需结合锁文件和安装包确认
compare-versions,3.6.0,MIT,node_modules/compare-versions/package.json,已安装依赖，含开发依赖；分发范围需结合锁文件和安装包确认
component-emitter,1.3.0,MIT,node_modules/component-emitter/package.json,已安装依赖，含开发依赖；分发范围需结合锁文件和安装包确认
compressible,2.0.18,MIT,node_modules/compressible/package.json,已安装依赖，含开发依赖；分发范围需结合锁文件和安装包确认
compression,1.7.4,MIT,node_modules/compression/package.json,已安装依赖，含开发依赖；分发范围需结合锁文件和安装包确认
concat-map,0.0.1,MIT,node_modules/concat-map/package.json,已安装依赖，含开发依赖；分发范围需结合锁文件和安装包确认
concat-stream,1.6.2,MIT,node_modules/concat-stream/package.json,已安装依赖，含开发依赖；分发范围需结合锁文件和安装包确认
concurrently,7.5.0,MIT,node_modules/concurrently/package.json,已安装依赖，含开发依赖；分发范围需结合锁文件和安装包确认
config-chain,1.1.12,"[{""type"": ""MIT"", ""url"": ""https://raw.githubusercontent.com/dominictarr/config-chain/master/LICENCE""}]",node_modules/config-chain/package.json,已安装依赖，含开发依赖；分发范围需结合锁文件和安装包确认
configstore,3.1.5,BSD-2-Clause,node_modules/configstore/package.json,已安装依赖，含开发依赖；分发范围需结合锁文件和安装包确认
configstore,5.0.1,BSD-2-Clause,node_modules/electron-builder/node_modules/configstore/package.json,已安装依赖，含开发依赖；分发范围需结合锁文件和安装包确认
confusing-browser-globals,1.0.11,MIT,node_modules/confusing-browser-globals/package.json,已安装依赖，含开发依赖；分发范围需结合锁文件和安装包确认
connect-history-api-fallback,1.6.0,MIT,node_modules/connect-history-api-fallback/package.json,已安装依赖，含开发依赖；分发范围需结合锁文件和安装包确认
console-control-strings,1.1.0,ISC,node_modules/console-control-strings/package.json,已安装依赖，含开发依赖；分发范围需结合锁文件和安装包确认
console-log-plus,1.0.8,MIT,node_modules/console-log-plus/package.json,已安装依赖，含开发依赖；分发范围需结合锁文件和安装包确认
content-disposition,0.5.4,MIT,node_modules/content-disposition/package.json,已安装依赖，含开发依赖；分发范围需结合锁文件和安装包确认
content-type,1.0.4,MIT,node_modules/content-type/package.json,已安装依赖，含开发依赖；分发范围需结合锁文件和安装包确认
convert-source-map,1.7.0,MIT,node_modules/convert-source-map/package.json,已安装依赖，含开发依赖；分发范围需结合锁文件和安装包确认
cookie,0.4.1,MIT,node_modules/@sentry/node/node_modules/cookie/package.json,已安装依赖，含开发依赖；分发范围需结合锁文件和安装包确认
cookie,0.5.0,MIT,node_modules/cookie/package.json,已安装依赖，含开发依赖；分发范围需结合锁文件和安装包确认
cookie-signature,1.0.6,MIT,node_modules/cookie-signature/package.json,已安装依赖，含开发依赖；分发范围需结合锁文件和安装包确认
copy-descriptor,0.1.1,MIT,node_modules/copy-descriptor/package.json,已安装依赖，含开发依赖；分发范围需结合锁文件和安装包确认
core-js,3.21.0,MIT,node_modules/core-js/package.json,已安装依赖，含开发依赖；分发范围需结合锁文件和安装包确认
core-js-compat,3.26.1,MIT,node_modules/core-js-compat/package.json,已安装依赖，含开发依赖；分发范围需结合锁文件和安装包确认
core-js-pure,3.6.5,MIT,node_modules/core-js-pure/package.json,已安装依赖，含开发依赖；分发范围需结合锁文件和安装包确认
core-util-is,1.0.2,MIT,node_modules/core-util-is/package.json,已安装依赖，含开发依赖；分发范围需结合锁文件和安装包确认
cosmiconfig,3.1.0,MIT,node_modules/cosmiconfig/package.json,已安装依赖，含开发依赖；分发范围需结合锁文件和安装包确认
cosmiconfig,7.0.1,MIT,node_modules/husky/node_modules/cosmiconfig/package.json,已安装依赖，含开发依赖；分发范围需结合锁文件和安装包确认
cosmiconfig,7.1.0,MIT,node_modules/stylelint/node_modules/cosmiconfig/package.json,已安装依赖，含开发依赖；分发范围需结合锁文件和安装包确认
crc,3.8.0,MIT,node_modules/crc/package.json,已安装依赖，含开发依赖；分发范围需结合锁文件和安装包确认
create-error-class,3.0.2,MIT,node_modules/create-error-class/package.json,已安装依赖，含开发依赖；分发范围需结合锁文件和安装包确认
cross-env,7.0.3,MIT,node_modules/cross-env/package.json,已安装依赖，含开发依赖；分发范围需结合锁文件和安装包确认
cross-spawn,5.1.0,MIT,node_modules/term-size/node_modules/cross-spawn/package.json,已安装依赖，含开发依赖；分发范围需结合锁文件和安装包确认
cross-spawn,6.0.5,MIT,node_modules/default-gateway/node_modules/cross-spawn/package.json,已安装依赖，含开发依赖；分发范围需结合锁文件和安装包确认
cross-spawn,7.0.3,MIT,node_modules/cross-spawn/package.json,已安装依赖，含开发依赖；分发范围需结合锁文件和安装包确认
cross-spawn,7.0.6,MIT,node_modules/dotenv-cli/node_modules/cross-spawn/package.json,已安装依赖，含开发依赖；分发范围需结合锁文件和安装包确认
crypto-random-string,1.0.0,MIT,node_modules/crypto-random-string/package.json,已安装依赖，含开发依赖；分发范围需结合锁文件和安装包确认
crypto-random-string,2.0.0,MIT,node_modules/electron-builder/node_modules/crypto-random-string/package.json,已安装依赖，含开发依赖；分发范围需结合锁文件和安装包确认
css-color-keywords,1.0.0,ISC,node_modules/css-color-keywords/package.json,已安装依赖，含开发依赖；分发范围需结合锁文件和安装包确认
css-declaration-sorter,6.1.4,ISC,node_modules/optimize-css-assets-webpack-plugin/node_modules/css-declaration-sorter/package.json,已安装依赖，含开发依赖；分发范围需结合锁文件和安装包确认
css-functions-list,3.1.0,MIT,node_modules/css-functions-list/package.json,已安装依赖，含开发依赖；分发范围需结合锁文件和安装包确认
css-loader,6.6.0,MIT,node_modules/css-loader/package.json,已安装依赖，含开发依赖；分发范围需结合锁文件和安装包确认
css-select,4.2.1,BSD-2-Clause,node_modules/css-select/package.json,已安装依赖，含开发依赖；分发范围需结合锁文件和安装包确认
css-to-react-native,2.3.2,MIT,node_modules/css-to-react-native/package.json,已安装依赖，含开发依赖；分发范围需结合锁文件和安装包确认
css-tree,1.1.3,MIT,node_modules/css-tree/package.json,已安装依赖，含开发依赖；分发范围需结合锁文件和安装包确认
css-vendor,2.0.8,MIT,node_modules/css-vendor/package.json,已安装依赖，含开发依赖；分发范围需结合锁文件和安装包确认
css-what,5.1.0,BSD-2-Clause,node_modules/css-what/package.json,已安装依赖，含开发依赖；分发范围需结合锁文件和安装包确认
cssesc,3.0.0,MIT,node_modules/cssesc/package.json,已安装依赖，含开发依赖；分发范围需结合锁文件和安装包确认
cssnano,5.0.17,MIT,node_modules/optimize-css-assets-webpack-plugin/node_modules/cssnano/package.json,已安装依赖，含开发依赖；分发范围需结合锁文件和安装包确认
cssnano-preset-default,5.1.12,MIT,node_modules/optimize-css-assets-webpack-plugin/node_modules/cssnano-preset-default/package.json,已安装依赖，含开发依赖；分发范围需结合锁文件和安装包确认
cssnano-utils,3.0.2,MIT,node_modules/optimize-css-assets-webpack-plugin/node_modules/cssnano-utils/package.json,已安装依赖，含开发依赖；分发范围需结合锁文件和安装包确认
csso,4.2.0,MIT,node_modules/csso/package.json,已安装依赖，含开发依赖；分发范围需结合锁文件和安装包确认
csstype,2.6.13,MIT,node_modules/@material-ui/styles/node_modules/csstype/package.json,已安装依赖，含开发依赖；分发范围需结合锁文件和安装包确认
csstype,2.6.13,MIT,node_modules/@material-ui/system/node_modules/csstype/package.json,已安装依赖，含开发依赖；分发范围需结合锁文件和安装包确认
csstype,3.0.4,MIT,node_modules/csstype/package.json,已安装依赖，含开发依赖；分发范围需结合锁文件和安装包确认
currently-unhandled,0.4.1,MIT,node_modules/currently-unhandled/package.json,已安装依赖，含开发依赖；分发范围需结合锁文件和安装包确认
damerau-levenshtein,1.0.8,BSD-2-Clause,node_modules/damerau-levenshtein/package.json,已安装依赖，含开发依赖；分发范围需结合锁文件和安装包确认
dashdash,1.14.1,MIT,node_modules/dashdash/package.json,已安装依赖，含开发依赖；分发范围需结合锁文件和安装包确认
data-uri-to-buffer,4.0.0,MIT,node_modules/data-uri-to-buffer/package.json,已安装依赖，含开发依赖；分发范围需结合锁文件和安装包确认
date-fns,2.29.3,MIT,node_modules/date-fns/package.json,已安装依赖，含开发依赖；分发范围需结合锁文件和安装包确认
dayjs,1.10.7,MIT,node_modules/dayjs/package.json,已安装依赖，含开发依赖；分发范围需结合锁文件和安装包确认
debug,2.6.9,MIT,node_modules/debug/package.json,已安装依赖，含开发依赖；分发范围需结合锁文件和安装包确认
debug,3.2.7,MIT,node_modules/electron-download/node_modules/debug/package.json,已安装依赖，含开发依赖；分发范围需结合锁文件和安装包确认
debug,3.2.7,MIT,node_modules/eslint-import-resolver-node/node_modules/debug/package.json,已安装依赖，含开发依赖；分发范围需结合锁文件和安装包确认
debug,3.2.7,MIT,node_modules/eslint-import-resolver-webpack/node_modules/debug/package.json,已安装依赖，含开发依赖；分发范围需结合锁文件和安装包确认
debug,3.2.7,MIT,node_modules/eslint-module-utils/node_modules/debug/package.json,已安装依赖，含开发依赖；分发范围需结合锁文件和安装包确认
debug,3.2.7,MIT,node_modules/portfinder/node_modules/debug/package.json,已安装依赖，含开发依赖；分发范围需结合锁文件和安装包确认
debug,3.2.7,MIT,node_modules/prettier-stylelint/node_modules/debug/package.json,已安装依赖，含开发依赖；分发范围需结合锁文件和安装包确认
debug,3.2.7,MIT,node_modules/sockjs-client/node_modules/debug/package.json,已安装依赖，含开发依赖；分发范围需结合锁文件和安装包确认
debug,4.2.0,MIT,node_modules/@babel/core/node_modules/debug/package.json,已安装依赖，含开发依赖；分发范围需结合锁文件和安装包确认
debug,4.2.0,MIT,node_modules/@babel/helper-define-polyfill-provider/node_modules/debug/package.json,已安装依赖，含开发依赖；分发范围需结合锁文件和安装包确认
debug,4.2.0,MIT,node_modules/@babel/traverse/node_modules/debug/package.json,已安装依赖，含开发依赖；分发范围需结合锁文件和安装包确认
debug,4.2.0,MIT,node_modules/@electron/get/node_modules/debug/package.json,已安装依赖，含开发依赖；分发范围需结合锁文件和安装包确认
debug,4.2.0,MIT,node_modules/@electron/notarize/node_modules/debug/package.json,已安装依赖，含开发依赖；分发范围需结合锁文件和安装包确认
debug,4.2.0,MIT,node_modules/@humanwhocodes/config-array/node_modules/debug/package.json,已安装依赖，含开发依赖；分发范围需结合锁文件和安装包确认
debug,4.2.0,MIT,node_modules/@malept/flatpak-bundler/node_modules/debug/package.json,已安装依赖，含开发依赖；分发范围需结合锁文件和安装包确认
debug,4.2.0,MIT,node_modules/babel-eslint/node_modules/debug/package.json,已安装依赖，含开发依赖；分发范围需结合锁文件和安装包确认
debug,4.2.0,MIT,node_modules/electron-localshortcut/node_modules/debug/package.json,已安装依赖，含开发依赖；分发范围需结合锁文件和安装包确认
debug,4.2.0,MIT,node_modules/spdy-transport/node_modules/debug/package.json,已安装依赖，含开发依赖；分发范围需结合锁文件和安装包确认
debug,4.2.0,MIT,node_modules/spdy/node_modules/debug/package.json,已安装依赖，含开发依赖；分发范围需结合锁文件和安装包确认
debug,4.2.0,MIT,node_modules/styled-components/node_modules/debug/package.json,已安装依赖，含开发依赖；分发范围需结合锁文件和安装包确认
debug,4.2.0,MIT,node_modules/webpack-dev-server/node_modules/debug/package.json,已安装依赖，含开发依赖；分发范围需结合锁文件和安装包确认
debug,4.3.1,MIT,node_modules/agent-base/node_modules/debug/package.json,已安装依赖，含开发依赖；分发范围需结合锁文件和安装包确认
debug,4.3.1,MIT,node_modules/http-proxy-agent/node_modules/debug/package.json,已安装依赖，含开发依赖；分发范围需结合锁文件和安装包确认
debug,4.3.1,MIT,node_modules/https-proxy-agent/node_modules/debug/package.json,已安装依赖，含开发依赖；分发范围需结合锁文件和安装包确认
debug,4.3.3,MIT,node_modules/@electron/universal/node_modules/debug/package.json,已安装依赖，含开发依赖；分发范围需结合锁文件和安装包确认
debug,4.3.3,MIT,node_modules/@eslint/eslintrc/node_modules/debug/package.json,已安装依赖，含开发依赖；分发范围需结合锁文件和安装包确认
debug,4.3.3,MIT,node_modules/eslint/node_modules/debug/package.json,已安装依赖，含开发依赖；分发范围需结合锁文件和安装包确认
debug,4.3.4,MIT,node_modules/app-builder-lib/node_modules/debug/package.json,已安装依赖，含开发依赖；分发范围需结合锁文件和安装包确认
debug,4.3.4,MIT,node_modules/builder-util-runtime/node_modules/debug/package.json,已安装依赖，含开发依赖；分发范围需结合锁文件和安装包确认
debug,4.3.4,MIT,node_modules/builder-util/node_modules/debug/package.json,已安装依赖，含开发依赖；分发范围需结合锁文件和安装包确认
debug,4.3.4,MIT,node_modules/eslint-plugin-jsdoc/node_modules/debug/package.json,已安装依赖，含开发依赖；分发范围需结合锁文件和安装包确认
debug,4.3.4,MIT,node_modules/lint-staged/node_modules/debug/package.json,已安装依赖，含开发依赖；分发范围需结合锁文件和安装包确认
debug,4.3.4,MIT,node_modules/stylelint/node_modules/debug/package.json,已安装依赖，含开发依赖；分发范围需结合锁文件和安装包确认
decamelize,1.2.0,MIT,node_modules/decamelize/package.json,已安装依赖，含开发依赖；分发范围需结合锁文件和安装包确认
decamelize-keys,1.1.0,MIT,node_modules/decamelize-keys/package.json,已安装依赖，含开发依赖；分发范围需结合锁文件和安装包确认
decamelize-keys,1.1.1,MIT,node_modules/prettier-stylelint/node_modules/decamelize-keys/package.json,已安装依赖，含开发依赖；分发范围需结合锁文件和安装包确认
decode-uri-component,0.2.0,MIT,node_modules/decode-uri-component/package.json,已安装依赖，含开发依赖；分发范围需结合锁文件和安装包确认
decompress-response,3.3.0,MIT,node_modules/decompress-response/package.json,已安装依赖，含开发依赖；分发范围需结合锁文件和安装包确认
decompress-response,6.0.0,MIT,node_modules/simple-get/node_modules/decompress-response/package.json,已安装依赖，含开发依赖；分发范围需结合锁文件和安装包确认
deep-diff,0.3.8,MIT,node_modules/deep-diff/package.json,已安装依赖，含开发依赖；分发范围需结合锁文件和安装包确认
deep-equal,1.1.1,MIT,node_modules/deep-equal/package.json,已安装依赖，含开发依赖；分发范围需结合锁文件和安装包确认
deep-extend,0.6.0,MIT,node_modules/deep-extend/package.json,已安装依赖，含开发依赖；分发范围需结合锁文件和安装包确认
deep-is,0.1.3,"{""type"": ""MIT"", ""url"": ""https://github.com/thlorenz/deep-is/blob/master/LICENSE""}",node_modules/deep-is/package.json,已安装依赖，含开发依赖；分发范围需结合锁文件和安装包确认
deepmerge,4.2.2,MIT,node_modules/deepmerge/package.json,已安装依赖，含开发依赖；分发范围需结合锁文件和安装包确认
default-gateway,4.2.0,BSD-2-Clause,node_modules/default-gateway/package.json,已安装依赖，含开发依赖；分发范围需结合锁文件和安装包确认
defer-to-connect,1.1.3,MIT,node_modules/defer-to-connect/package.json,已安装依赖，含开发依赖；分发范围需结合锁文件和安装包确认
define-properties,1.1.3,MIT,node_modules/define-properties/package.json,已安装依赖，含开发依赖；分发范围需结合锁文件和安装包确认
define-properties,1.1.4,MIT,node_modules/array-includes/node_modules/define-properties/package.json,已安装依赖，含开发依赖；分发范围需结合锁文件和安装包确认
define-properties,1.1.4,MIT,node_modules/array.prototype.flatmap/node_modules/define-properties/package.json,已安装依赖，含开发依赖；分发范围需结合锁文件和安装包确认
define-properties,1.1.4,MIT,node_modules/eslint-plugin-jsx-a11y/node_modules/define-properties/package.json,已安装依赖，含开发依赖；分发范围需结合锁文件和安装包确认
define-properties,1.1.4,MIT,node_modules/object.hasown/node_modules/define-properties/package.json,已安装依赖，含开发依赖；分发范围需结合锁文件和安装包确认
define-properties,1.1.4,MIT,node_modules/string.prototype.matchall/node_modules/define-properties/package.json,已安装依赖，含开发依赖；分发范围需结合锁文件和安装包确认
define-property,0.2.5,MIT,node_modules/define-property/package.json,已安装依赖，含开发依赖；分发范围需结合锁文件和安装包确认
define-property,1.0.0,MIT,node_modules/base/node_modules/define-property/package.json,已安装依赖，含开发依赖；分发范围需结合锁文件和安装包确认
define-property,1.0.0,MIT,node_modules/extglob/node_modules/define-property/package.json,已安装依赖，含开发依赖；分发范围需结合锁文件和安装包确认
define-property,1.0.0,MIT,node_modules/snapdragon-node/node_modules/define-property/package.json,已安装依赖，含开发依赖；分发范围需结合锁文件和安装包确认
define-property,2.0.2,MIT,node_modules/micromatch/node_modules/define-property/package.json,已安装依赖，含开发依赖；分发范围需结合锁文件和安装包确认
define-property,2.0.2,MIT,node_modules/nanomatch/node_modules/define-property/package.json,已安装依赖，含开发依赖；分发范围需结合锁文件和安装包确认
define-property,2.0.2,MIT,node_modules/to-regex/node_modules/define-property/package.json,已安装依赖，含开发依赖；分发范围需结合锁文件和安装包确认
del,4.1.1,MIT,node_modules/del/package.json,已安装依赖，含开发依赖；分发范围需结合锁文件和安装包确认
delayed-stream,1.0.0,MIT,node_modules/delayed-stream/package.json,已安装依赖，含开发依赖；分发范围需结合锁文件和安装包确认
delegates,1.0.0,MIT,node_modules/delegates/package.json,已安装依赖，含开发依赖；分发范围需结合锁文件和安装包确认
depd,1.1.2,MIT,node_modules/serve-index/node_modules/depd/package.json,已安装依赖，含开发依赖；分发范围需结合锁文件和安装包确认
depd,2.0.0,MIT,node_modules/depd/package.json,已安装依赖，含开发依赖；分发范围需结合锁文件和安装包确认
destroy,1.2.0,MIT,node_modules/destroy/package.json,已安装依赖，含开发依赖；分发范围需结合锁文件和安装包确认
detect-libc,2.0.1,Apache-2.0,node_modules/detect-libc/package.json,已安装依赖，含开发依赖；分发范围需结合锁文件和安装包确认
detect-node,2.0.4,ISC,node_modules/detect-node/package.json,已安装依赖，含开发依赖；分发范围需结合锁文件和安装包确认
detect-port,1.3.0,MIT,node_modules/detect-port/package.json,已安装依赖，含开发依赖；分发范围需结合锁文件和安装包确认
dir-compare,2.4.0,MIT,node_modules/dir-compare/package.json,已安装依赖，含开发依赖；分发范围需结合锁文件和安装包确认
dir-glob,2.2.2,MIT,node_modules/prettier-stylelint/node_modules/dir-glob/package.json,已安装依赖，含开发依赖；分发范围需结合锁文件和安装包确认
dir-glob,3.0.1,MIT,node_modules/dir-glob/package.json,已安装依赖，含开发依赖；分发范围需结合锁文件和安装包确认
dmg-builder,23.3.3,MIT,node_modules/dmg-builder/package.json,已安装依赖，含开发依赖；分发范围需结合锁文件和安装包确认
dmg-license,1.0.11,MIT,node_modules/dmg-license/package.json,已安装依赖，含开发依赖；分发范围需结合锁文件和安装包确认
dns-equal,1.0.0,MIT,node_modules/dns-equal/package.json,已安装依赖，含开发依赖；分发范围需结合锁文件和安装包确认
dns-packet,1.3.4,MIT,node_modules/dns-packet/package.json,已安装依赖，含开发依赖；分发范围需结合锁文件和安装包确认
dns-txt,2.0.2,MIT,node_modules/dns-txt/package.json,已安装依赖，含开发依赖；分发范围需结合锁文件和安装包确认
doctrine,2.1.0,Apache-2.0,node_modules/doctrine/package.json,已安装依赖，含开发依赖；分发范围需结合锁文件和安装包确认
doctrine,3.0.0,Apache-2.0,node_modules/eslint/node_modules/doctrine/package.json,已安装依赖，含开发依赖；分发范围需结合锁文件和安装包确认
dom-converter,0.2.0,MIT,node_modules/dom-converter/package.json,已安装依赖，含开发依赖；分发范围需结合锁文件和安装包确认
dom-helpers,5.2.0,MIT,node_modules/dom-helpers/package.json,已安装依赖，含开发依赖；分发范围需结合锁文件和安装包确认
dom-serializer,0.2.2,MIT,node_modules/prettier-stylelint/node_modules/dom-serializer/package.json,已安装依赖，含开发依赖；分发范围需结合锁文件和安装包确认
dom-serializer,1.1.0,MIT,node_modules/dom-serializer/package.json,已安装依赖，含开发依赖；分发范围需结合锁文件和安装包确认
dom-serializer,2.0.0,MIT,node_modules/htmlparser2/node_modules/dom-serializer/package.json,已安装依赖，含开发依赖；分发范围需结合锁文件和安装包确认
dom-walk,0.1.2,"[{""type"": ""MIT"", ""url"": ""http://github.com/Raynos/dom-walk/raw/master/LICENSE""}]",node_modules/dom-walk/package.json,已安装依赖，含开发依赖；分发范围需结合锁文件和安装包确认
domelementtype,1.3.1,BSD-2-Clause,node_modules/prettier-stylelint/node_modules/domelementtype/package.json,已安装依赖，含开发依赖；分发范围需结合锁文件和安装包确认
domelementtype,2.0.2,BSD-2-Clause,node_modules/domelementtype/package.json,已安装依赖，含开发依赖；分发范围需结合锁文件和安装包确认
domelementtype,2.0.2,BSD-2-Clause,node_modules/prettier-stylelint/node_modules/dom-serializer/node_modules/domelementtype/package.json,已安装依赖，含开发依赖；分发范围需结合锁文件和安装包确认
domelementtype,2.2.0,BSD-2-Clause,node_modules/domhandler/node_modules/domelementtype/package.json,已安装依赖，含开发依赖；分发范围需结合锁文件和安装包确认
domelementtype,2.2.0,BSD-2-Clause,node_modules/domutils/node_modules/domelementtype/package.json,已安装依赖，含开发依赖；分发范围需结合锁文件和安装包确认
domelementtype,2.3.0,BSD-2-Clause,node_modules/htmlparser2/node_modules/domelementtype/package.json,已安装依赖，含开发依赖；分发范围需结合锁文件和安装包确认
domhandler,2.4.2,BSD-2-Clause,node_modules/prettier-stylelint/node_modules/domhandler/package.json,已安装依赖，含开发依赖；分发范围需结合锁文件和安装包确认
domhandler,3.3.0,BSD-2-Clause,node_modules/dom-serializer/node_modules/domhandler/package.json,已安装依赖，含开发依赖；分发范围需结合锁文件和安装包确认
domhandler,4.3.0,BSD-2-Clause,node_modules/domhandler/package.json,已安装依赖，含开发依赖；分发范围需结合锁文件和安装包确认
domhandler,5.0.3,BSD-2-Clause,node_modules/htmlparser2/node_modules/domhandler/package.json,已安装依赖，含开发依赖；分发范围需结合锁文件和安装包确认
domutils,1.7.0,BSD-2-Clause,node_modules/prettier-stylelint/node_modules/domutils/package.json,已安装依赖，含开发依赖；分发范围需结合锁文件和安装包确认
domutils,2.8.0,BSD-2-Clause,node_modules/domutils/package.json,已安装依赖，含开发依赖；分发范围需结合锁文件和安装包确认
domutils,3.0.1,BSD-2-Clause,node_modules/htmlparser2/node_modules/domutils/package.json,已安装依赖，含开发依赖；分发范围需结合锁文件和安装包确认
dot-case,3.0.4,MIT,node_modules/dot-case/package.json,已安装依赖，含开发依赖；分发范围需结合锁文件和安装包确认
dot-prop,4.2.1,MIT,node_modules/configstore/node_modules/dot-prop/package.json,已安装依赖，含开发依赖；分发范围需结合锁文件和安装包确认
dot-prop,5.3.0,MIT,node_modules/dot-prop/package.json,已安装依赖，含开发依赖；分发范围需结合锁文件和安装包确认
dotenv,16.6.1,BSD-2-Clause,node_modules/dotenv-expand/node_modules/dotenv/package.json,已安装依赖，含开发依赖；分发范围需结合锁文件和安装包确认
dotenv,17.4.2,BSD-2-Clause,node_modules/dotenv-cli/node_modules/dotenv/package.json,已安装依赖，含开发依赖；分发范围需结合锁文件和安装包确认
dotenv,8.2.0,BSD-2-Clause,node_modules/dotenv/package.json,已安装依赖，含开发依赖；分发范围需结合锁文件和安装包确认
dotenv,9.0.2,BSD-2-Clause,node_modules/read-config-file/node_modules/dotenv/package.json,已安装依赖，含开发依赖；分发范围需结合锁文件和安装包确认
dotenv-cli,11.0.0,MIT,node_modules/dotenv-cli/package.json,已安装依赖，含开发依赖；分发范围需结合锁文件和安装包确认
dotenv-expand,12.0.3,BSD-2-Clause,node_modules/dotenv-expand/package.json,已安装依赖，含开发依赖；分发范围需结合锁文件和安装包确认
dotenv-expand,5.1.0,BSD-2-Clause,node_modules/read-config-file/node_modules/dotenv-expand/package.json,已安装依赖，含开发依赖；分发范围需结合锁文件和安装包确认
duplexer,0.1.2,MIT,node_modules/duplexer/package.json,已安装依赖，含开发依赖；分发范围需结合锁文件和安装包确认
duplexer3,0.1.4,BSD-3-Clause,node_modules/duplexer3/package.json,已安装依赖，含开发依赖；分发范围需结合锁文件和安装包确认
duplexify,3.7.1,MIT,node_modules/duplexify/package.json,已安装依赖，含开发依赖；分发范围需结合锁文件和安装包确认
eastasianwidth,0.2.0,MIT,node_modules/eastasianwidth/package.json,已安装依赖，含开发依赖；分发范围需结合锁文件和安装包确认
ecc-jsbn,0.1.2,MIT,node_modules/ecc-jsbn/package.json,已安装依赖，含开发依赖；分发范围需结合锁文件和安装包确认
ee-first,1.1.1,MIT,node_modules/ee-first/package.json,已安装依赖，含开发依赖；分发范围需结合锁文件和安装包确认
ejs,2.7.4,Apache-2.0,node_modules/ejs/package.json,已安装依赖，含开发依赖；分发范围需结合锁文件和安装包确认
ejs,3.1.8,Apache-2.0,node_modules/app-builder-lib/node_modules/ejs/package.json,已安装依赖，含开发依赖；分发范围需结合锁文件和安装包确认
electron,18.3.15,MIT,node_modules/electron/package.json,已安装依赖，含开发依赖；分发范围需结合锁文件和安装包确认
electron-builder,23.3.3,MIT,node_modules/electron-builder/package.json,已安装依赖，含开发依赖；分发范围需结合锁文件和安装包确认
electron-debug,3.2.0,MIT,node_modules/electron-debug/package.json,已安装依赖，含开发依赖；分发范围需结合锁文件和安装包确认
electron-devtools-installer,0.0.1,MIT,node_modules/electron-devtools-installer/package.json,已安装依赖，含开发依赖；分发范围需结合锁文件和安装包确认
electron-download,4.1.1,BSD-3-Clause,node_modules/electron-download/package.json,已安装依赖，含开发依赖；分发范围需结合锁文件和安装包确认
electron-ga,1.0.6,ISC,node_modules/electron-ga/package.json,已安装依赖，含开发依赖；分发范围需结合锁文件和安装包确认
electron-is,3.0.0,MIT,node_modules/electron-is/package.json,已安装依赖，含开发依赖；分发范围需结合锁文件和安装包确认
electron-is-accelerator,0.1.2,MIT,node_modules/electron-is-accelerator/package.json,已安装依赖，含开发依赖；分发范围需结合锁文件和安装包确认
electron-is-dev,0.3.0,MIT,node_modules/electron-is-dev/package.json,已安装依赖，含开发依赖；分发范围需结合锁文件和安装包确认
electron-is-dev,1.2.0,MIT,node_modules/electron-debug/node_modules/electron-is-dev/package.json,已安装依赖，含开发依赖；分发范围需结合锁文件和安装包确认
electron-is-packaged,1.0.2,MIT,node_modules/electron-is-packaged/package.json,已安装依赖，含开发依赖；分发范围需结合锁文件和安装包确认
electron-localshortcut,3.2.1,MIT,node_modules/electron-localshortcut/package.json,已安装依赖，含开发依赖；分发范围需结合锁文件和安装包确认
electron-osx-sign,0.6.0,BSD-2-Clause,node_modules/electron-osx-sign/package.json,已安装依赖，含开发依赖；分发范围需结合锁文件和安装包确认
electron-publish,23.3.3,MIT,node_modules/electron-publish/package.json,已安装依赖，含开发依赖；分发范围需结合锁文件和安装包确认
electron-root-path,1.1.0,MIT,node_modules/electron-root-path/package.json,已安装依赖，含开发依赖；分发范围需结合锁文件和安装包确认
electron-to-chromium,1.3.585,ISC,node_modules/caniuse-api/node_modules/electron-to-chromium/package.json,已安装依赖，含开发依赖；分发范围需结合锁文件和安装包确认
electron-to-chromium,1.4.284,ISC,node_modules/electron-to-chromium/package.json,已安装依赖，含开发依赖；分发范围需结合锁文件和安装包确认
electron-to-chromium,1.4.68,ISC,node_modules/browserslist/node_modules/electron-to-chromium/package.json,已安装依赖，含开发依赖；分发范围需结合锁文件和安装包确认
electron-to-chromium,1.4.749,ISC,node_modules/webpack/node_modules/electron-to-chromium/package.json,已安装依赖，含开发依赖；分发范围需结合锁文件和安装包确认
electron-updater,5.2.1,MIT,node_modules/electron-updater/package.json,已安装依赖，含开发依赖；分发范围需结合锁文件和安装包确认
emoji-regex,7.0.3,MIT,node_modules/electron-builder/node_modules/ansi-align/node_modules/emoji-regex/package.json,已安装依赖，含开发依赖；分发范围需结合锁文件和安装包确认
emoji-regex,7.0.3,MIT,node_modules/yargs/node_modules/emoji-regex/package.json,已安装依赖，含开发依赖；分发范围需结合锁文件和安装包确认
emoji-regex,8.0.0,MIT,node_modules/emoji-regex/package.json,已安装依赖，含开发依赖；分发范围需结合锁文件和安装包确认
emoji-regex,9.2.2,MIT,node_modules/eslint-plugin-jsx-a11y/node_modules/emoji-regex/package.json,已安装依赖，含开发依赖；分发范围需结合锁文件和安装包确认
emoji-regex,9.2.2,MIT,node_modules/lint-staged/node_modules/emoji-regex/package.json,已安装依赖，含开发依赖；分发范围需结合锁文件和安装包确认
emojis-list,3.0.0,MIT,node_modules/emojis-list/package.json,已安装依赖，含开发依赖；分发范围需结合锁文件和安装包确认
encodeurl,1.0.2,MIT,node_modules/encodeurl/package.json,已安装依赖，含开发依赖；分发范围需结合锁文件和安装包确认
end-of-stream,1.4.4,MIT,node_modules/end-of-stream/package.json,已安装依赖，含开发依赖；分发范围需结合锁文件和安装包确认
enhanced-resolve,0.9.1,"[{""type"": ""MIT"", ""url"": ""http://www.opensource.org/licenses/mit-license.php""}]",node_modules/enhanced-resolve/package.json,已安装依赖，含开发依赖；分发范围需结合锁文件和安装包确认
enhanced-resolve,5.16.0,MIT,node_modules/webpack/node_modules/enhanced-resolve/package.json,已安装依赖，含开发依赖；分发范围需结合锁文件和安装包确认
entities,1.1.2,BSD-2-Clause,node_modules/prettier-stylelint/node_modules/entities/package.json,已安装依赖，含开发依赖；分发范围需结合锁文件和安装包确认
entities,2.1.0,BSD-2-Clause,node_modules/entities/package.json,已安装依赖，含开发依赖；分发范围需结合锁文件和安装包确认
entities,2.1.0,BSD-2-Clause,node_modules/prettier-stylelint/node_modules/dom-serializer/node_modules/entities/package.json,已安装依赖，含开发依赖；分发范围需结合锁文件和安装包确认
entities,4.4.0,BSD-2-Clause,node_modules/htmlparser2/node_modules/entities/package.json,已安装依赖，含开发依赖；分发范围需结合锁文件和安装包确认
env-paths,1.0.0,MIT,node_modules/env-paths/package.json,已安装依赖，含开发依赖；分发范围需结合锁文件和安装包确认
env-paths,2.2.0,MIT,node_modules/@electron/get/node_modules/env-paths/package.json,已安装依赖，含开发依赖；分发范围需结合锁文件和安装包确认
envinfo,7.7.3,MIT,node_modules/envinfo/package.json,已安装依赖，含开发依赖；分发范围需结合锁文件和安装包确认
err-code,2.0.3,MIT,node_modules/err-code/package.json,已安装依赖，含开发依赖；分发范围需结合锁文件和安装包确认
errno,0.1.8,MIT,node_modules/errno/package.json,已安装依赖，含开发依赖；分发范围需结合锁文件和安装包确认
error-ex,1.3.2,MIT,node_modules/error-ex/package.json,已安装依赖，含开发依赖；分发范围需结合锁文件和安装包确认
es-abstract,1.17.7,MIT,node_modules/is-typed-array/node_modules/es-abstract/package.json,已安装依赖，含开发依赖；分发范围需结合锁文件和安装包确认
es-abstract,1.17.7,MIT,node_modules/jsx-ast-utils/node_modules/es-abstract/package.json,已安装依赖，含开发依赖；分发范围需结合锁文件和安装包确认
es-abstract,1.17.7,MIT,node_modules/which-typed-array/node_modules/es-abstract/package.json,已安装依赖，含开发依赖；分发范围需结合锁文件和安装包确认
es-abstract,1.18.0-next.1,MIT,node_modules/is-typed-array/node_modules/string.prototype.trimend/node_modules/es-abstract/package.json,已安装依赖，含开发依赖；分发范围需结合锁文件和安装包确认
es-abstract,1.18.0-next.1,MIT,node_modules/jsx-ast-utils/node_modules/string.prototype.trimend/node_modules/es-abstract/package.json,已安装依赖，含开发依赖；分发范围需结合锁文件和安装包确认
es-abstract,1.18.0-next.1,MIT,node_modules/string.prototype.trimstart/node_modules/es-abstract/package.json,已安装依赖，含开发依赖；分发范围需结合锁文件和安装包确认
es-abstract,1.18.0-next.1,MIT,node_modules/which-typed-array/node_modules/string.prototype.trimend/node_modules/es-abstract/package.json,已安装依赖，含开发依赖；分发范围需结合锁文件和安装包确认
es-abstract,1.19.1,MIT,node_modules/es-abstract/package.json,已安装依赖，含开发依赖；分发范围需结合锁文件和安装包确认
es-abstract,1.20.4,MIT,node_modules/array-includes/node_modules/es-abstract/package.json,已安装依赖，含开发依赖；分发范围需结合锁文件和安装包确认
es-abstract,1.20.4,MIT,node_modules/array.prototype.flatmap/node_modules/es-abstract/package.json,已安装依赖，含开发依赖；分发范围需结合锁文件和安装包确认
es-abstract,1.20.4,MIT,node_modules/object.hasown/node_modules/es-abstract/package.json,已安装依赖，含开发依赖；分发范围需结合锁文件和安装包确认
es-abstract,1.20.4,MIT,node_modules/string.prototype.matchall/node_modules/es-abstract/package.json,已安装依赖，含开发依赖；分发范围需结合锁文件和安装包确认
es-module-lexer,1.5.0,MIT,node_modules/es-module-lexer/package.json,已安装依赖，含开发依赖；分发范围需结合锁文件和安装包确认
es-shim-unscopables,1.0.0,MIT,node_modules/es-shim-unscopables/package.json,已安装依赖，含开发依赖；分发范围需结合锁文件和安装包确认
es-to-primitive,1.2.1,MIT,node_modules/es-to-primitive/package.json,已安装依赖，含开发依赖；分发范围需结合锁文件和安装包确认
es6-error,4.1.1,MIT,node_modules/es6-error/package.json,已安装依赖，含开发依赖；分发范围需结合锁文件和安装包确认
escalade,3.1.1,MIT,node_modules/escalade/package.json,已安装依赖，含开发依赖；分发范围需结合锁文件和安装包确认
escape-goat,2.1.1,MIT,node_modules/escape-goat/package.json,已安装依赖，含开发依赖；分发范围需结合锁文件和安装包确认
escape-html,1.0.3,MIT,node_modules/escape-html/package.json,已安装依赖，含开发依赖；分发范围需结合锁文件和安装包确认
escape-string-regexp,1.0.5,MIT,node_modules/@babel/core/node_modules/escape-string-regexp/package.json,已安装依赖，含开发依赖；分发范围需结合锁文件和安装包确认
escape-string-regexp,1.0.5,MIT,node_modules/@babel/highlight/node_modules/escape-string-regexp/package.json,已安装依赖，含开发依赖；分发范围需结合锁文件和安装包确认
escape-string-regexp,1.0.5,MIT,node_modules/@babel/template/node_modules/escape-string-regexp/package.json,已安装依赖，含开发依赖；分发范围需结合锁文件和安装包确认
escape-string-regexp,1.0.5,MIT,node_modules/@babel/traverse/node_modules/escape-string-regexp/package.json,已安装依赖，含开发依赖；分发范围需结合锁文件和安装包确认
escape-string-regexp,1.0.5,MIT,node_modules/autoprefixer/node_modules/escape-string-regexp/package.json,已安装依赖，含开发依赖；分发范围需结合锁文件和安装包确认
escape-string-regexp,1.0.5,MIT,node_modules/boxen/node_modules/escape-string-regexp/package.json,已安装依赖，含开发依赖；分发范围需结合锁文件和安装包确认
escape-string-regexp,1.0.5,MIT,node_modules/log-symbols/node_modules/escape-string-regexp/package.json,已安装依赖，含开发依赖；分发范围需结合锁文件和安装包确认
escape-string-regexp,1.0.5,MIT,node_modules/postcss-less/node_modules/escape-string-regexp/package.json,已安装依赖，含开发依赖；分发范围需结合锁文件和安装包确认
escape-string-regexp,1.0.5,MIT,node_modules/postcss-reporter/node_modules/escape-string-regexp/package.json,已安装依赖，含开发依赖；分发范围需结合锁文件和安装包确认
escape-string-regexp,1.0.5,MIT,node_modules/postcss-safe-parser/node_modules/escape-string-regexp/package.json,已安装依赖，含开发依赖；分发范围需结合锁文件和安装包确认
escape-string-regexp,1.0.5,MIT,node_modules/postcss-sass/node_modules/escape-string-regexp/package.json,已安装依赖，含开发依赖；分发范围需结合锁文件和安装包确认
escape-string-regexp,1.0.5,MIT,node_modules/postcss-scss/node_modules/escape-string-regexp/package.json,已安装依赖，含开发依赖；分发范围需结合锁文件和安装包确认
escape-string-regexp,1.0.5,MIT,node_modules/prettier-stylelint/node_modules/escape-string-regexp/package.json,已安装依赖，含开发依赖；分发范围需结合锁文件和安装包确认
escape-string-regexp,1.0.5,MIT,node_modules/replace/node_modules/escape-string-regexp/package.json,已安装依赖，含开发依赖；分发范围需结合锁文件和安装包确认
escape-string-regexp,1.0.5,MIT,node_modules/sugarss/node_modules/escape-string-regexp/package.json,已安装依赖，含开发依赖；分发范围需结合锁文件和安装包确认
escape-string-regexp,1.0.5,MIT,node_modules/update-notifier/node_modules/escape-string-regexp/package.json,已安装依赖，含开发依赖；分发范围需结合锁文件和安装包确认
escape-string-regexp,1.0.5,MIT,node_modules/webpack-bundle-analyzer/node_modules/escape-string-regexp/package.json,已安装依赖，含开发依赖；分发范围需结合锁文件和安装包确认
escape-string-regexp,4.0.0,MIT,node_modules/escape-string-regexp/package.json,已安装依赖，含开发依赖；分发范围需结合锁文件和安装包确认
eslint,8.27.0,MIT,node_modules/eslint/package.json,已安装依赖，含开发依赖；分发范围需结合锁文件和安装包确认
eslint-config-airbnb,19.0.4,MIT,node_modules/eslint-config-airbnb/package.json,已安装依赖，含开发依赖；分发范围需结合锁文件和安装包确认
eslint-config-airbnb-base,15.0.0,MIT,node_modules/eslint-config-airbnb-base/package.json,已安装依赖，含开发依赖；分发范围需结合锁文件和安装包确认
eslint-config-prettier,8.5.0,MIT,node_modules/eslint-config-prettier/package.json,已安装依赖，含开发依赖；分发范围需结合锁文件和安装包确认
eslint-formatter-pretty,4.1.0,MIT,node_modules/eslint-formatter-pretty/package.json,已安装依赖，含开发依赖；分发范围需结合锁文件和安装包确认
eslint-import-resolver-node,0.3.6,MIT,node_modules/eslint-import-resolver-node/package.json,已安装依赖，含开发依赖；分发范围需结合锁文件和安装包确认
eslint-import-resolver-webpack,0.13.2,MIT,node_modules/eslint-import-resolver-webpack/package.json,已安装依赖，含开发依赖；分发范围需结合锁文件和安装包确认
eslint-module-utils,2.7.4,MIT,node_modules/eslint-module-utils/package.json,已安装依赖，含开发依赖；分发范围需结合锁文件和安装包确认
eslint-plugin-compat,4.0.2,MIT,node_modules/eslint-plugin-compat/package.json,已安装依赖，含开发依赖；分发范围需结合锁文件和安装包确认
eslint-plugin-import,2.26.0,MIT,node_modules/eslint-plugin-import/package.json,已安装依赖，含开发依赖；分发范围需结合锁文件和安装包确认
eslint-plugin-jsdoc,39.6.2,BSD-3-Clause,node_modules/eslint-plugin-jsdoc/package.json,已安装依赖，含开发依赖；分发范围需结合锁文件和安装包确认
eslint-plugin-jsx-a11y,6.6.1,MIT,node_modules/eslint-plugin-jsx-a11y/package.json,已安装依赖，含开发依赖；分发范围需结合锁文件和安装包确认
eslint-plugin-prettier,4.2.1,MIT,node_modules/eslint-plugin-prettier/package.json,已安装依赖，含开发依赖；分发范围需结合锁文件和安装包确认
eslint-plugin-promise,6.1.1,ISC,node_modules/eslint-plugin-promise/package.json,已安装依赖，含开发依赖；分发范围需结合锁文件和安装包确认
eslint-plugin-react,7.31.10,MIT,node_modules/eslint-plugin-react/package.json,已安装依赖，含开发依赖；分发范围需结合锁文件和安装包确认
eslint-plugin-react-hooks,4.6.0,MIT,node_modules/eslint-plugin-react-hooks/package.json,已安装依赖，含开发依赖；分发范围需结合锁文件和安装包确认
eslint-rule-docs,1.1.213,MIT,node_modules/eslint-rule-docs/package.json,已安装依赖，含开发依赖；分发范围需结合锁文件和安装包确认
eslint-scope,5.1.1,BSD-2-Clause,node_modules/eslint-scope/package.json,已安装依赖，含开发依赖；分发范围需结合锁文件和安装包确认
eslint-scope,7.1.1,BSD-2-Clause,node_modules/eslint/node_modules/eslint-scope/package.json,已安装依赖，含开发依赖；分发范围需结合锁文件和安装包确认
eslint-utils,3.0.0,MIT,node_modules/eslint-utils/package.json,已安装依赖，含开发依赖；分发范围需结合锁文件和安装包确认
eslint-visitor-keys,1.3.0,Apache-2.0,node_modules/babel-eslint/node_modules/eslint-visitor-keys/package.json,已安装依赖，含开发依赖；分发范围需结合锁文件和安装包确认
eslint-visitor-keys,2.0.0,Apache-2.0,node_modules/eslint-utils/node_modules/eslint-visitor-keys/package.json,已安装依赖，含开发依赖；分发范围需结合锁文件和安装包确认
eslint-visitor-keys,2.1.0,Apache-2.0,node_modules/@babel/eslint-parser/node_modules/eslint-visitor-keys/package.json,已安装依赖，含开发依赖；分发范围需结合锁文件和安装包确认
eslint-visitor-keys,3.3.0,Apache-2.0,node_modules/eslint-visitor-keys/package.json,已安装依赖，含开发依赖；分发范围需结合锁文件和安装包确认
espree,9.4.1,BSD-2-Clause,node_modules/espree/package.json,已安装依赖，含开发依赖；分发范围需结合锁文件和安装包确认
esprima,4.0.1,BSD-2-Clause,node_modules/esprima/package.json,已安装依赖，含开发依赖；分发范围需结合锁文件和安装包确认
esquery,1.4.0,BSD-3-Clause,node_modules/esquery/package.json,已安装依赖，含开发依赖；分发范围需结合锁文件和安装包确认
esrecurse,4.3.0,BSD-2-Clause,node_modules/esrecurse/package.json,已安装依赖，含开发依赖；分发范围需结合锁文件和安装包确认
estraverse,4.3.0,BSD-2-Clause,node_modules/eslint-scope/node_modules/estraverse/package.json,已安装依赖，含开发依赖；分发范围需结合锁文件和安装包确认
estraverse,5.2.0,BSD-2-Clause,node_modules/estraverse/package.json,已安装依赖，含开发依赖；分发范围需结合锁文件和安装包确认
estraverse,5.3.0,BSD-2-Clause,node_modules/eslint-plugin-react/node_modules/estraverse/package.json,已安装依赖，含开发依赖；分发范围需结合锁文件和安装包确认
esutils,2.0.3,BSD-2-Clause,node_modules/esutils/package.json,已安装依赖，含开发依赖；分发范围需结合锁文件和安装包确认
etag,1.8.1,MIT,node_modules/etag/package.json,已安装依赖，含开发依赖；分发范围需结合锁文件和安装包确认
event-stream,3.3.4,MIT,node_modules/event-stream/package.json,已安装依赖，含开发依赖；分发范围需结合锁文件和安装包确认
eventemitter2,5.0.1,MIT,node_modules/eventemitter2/package.json,已安装依赖，含开发依赖；分发范围需结合锁文件和安装包确认
eventemitter3,4.0.7,MIT,node_modules/eventemitter3/package.json,已安装依赖，含开发依赖；分发范围需结合锁文件和安装包确认
events,3.2.0,MIT,node_modules/webpack/node_modules/events/package.json,已安装依赖，含开发依赖；分发范围需结合锁文件和安装包确认
events,3.3.0,MIT,node_modules/events/package.json,已安装依赖，含开发依赖；分发范围需结合锁文件和安装包确认
eventsource,2.0.2,MIT,node_modules/eventsource/package.json,已安装依赖，含开发依赖；分发范围需结合锁文件和安装包确认
execa,0.7.0,MIT,node_modules/term-size/node_modules/execa/package.json,已安装依赖，含开发依赖；分发范围需结合锁文件和安装包确认
execa,1.0.0,MIT,node_modules/default-gateway/node_modules/execa/package.json,已安装依赖，含开发依赖；分发范围需结合锁文件和安装包确认
execa,6.1.0,MIT,node_modules/execa/package.json,已安装依赖，含开发依赖；分发范围需结合锁文件和安装包确认
execall,1.0.0,MIT,node_modules/execall/package.json,已安装依赖，含开发依赖；分发范围需结合锁文件和安装包确认
expand-brackets,0.1.5,MIT,node_modules/prettier-stylelint/node_modules/expand-brackets/package.json,已安装依赖，含开发依赖；分发范围需结合锁文件和安装包确认
expand-brackets,2.1.4,MIT,node_modules/expand-brackets/package.json,已安装依赖，含开发依赖；分发范围需结合锁文件和安装包确认
expand-range,1.8.2,MIT,node_modules/expand-range/package.json,已安装依赖，含开发依赖；分发范围需结合锁文件和安装包确认
expand-template,2.0.3,(MIT OR WTFPL),node_modules/expand-template/package.json,已安装依赖，含开发依赖；分发范围需结合锁文件和安装包确认
express,4.18.2,MIT,node_modules/express/package.json,已安装依赖，含开发依赖；分发范围需结合锁文件和安装包确认
extend,3.0.2,MIT,node_modules/extend/package.json,已安装依赖，含开发依赖；分发范围需结合锁文件和安装包确认
extend-shallow,2.0.1,MIT,node_modules/extend-shallow/package.json,已安装依赖，含开发依赖；分发范围需结合锁文件和安装包确认
extend-shallow,2.0.1,MIT,node_modules/micromatch/node_modules/braces/node_modules/extend-shallow/package.json,已安装依赖，含开发依赖；分发范围需结合锁文件和安装包确认
extend-shallow,2.0.1,MIT,node_modules/micromatch/node_modules/fill-range/node_modules/extend-shallow/package.json,已安装依赖，含开发依赖；分发范围需结合锁文件和安装包确认
extend-shallow,3.0.2,MIT,node_modules/micromatch/node_modules/extend-shallow/package.json,已安装依赖，含开发依赖；分发范围需结合锁文件和安装包确认
extend-shallow,3.0.2,MIT,node_modules/nanomatch/node_modules/extend-shallow/package.json,已安装依赖，含开发依赖；分发范围需结合锁文件和安装包确认
extend-shallow,3.0.2,MIT,node_modules/regex-not/node_modules/extend-shallow/package.json,已安装依赖，含开发依赖；分发范围需结合锁文件和安装包确认
extend-shallow,3.0.2,MIT,node_modules/split-string/node_modules/extend-shallow/package.json,已安装依赖，含开发依赖；分发范围需结合锁文件和安装包确认
extend-shallow,3.0.2,MIT,node_modules/to-regex/node_modules/extend-shallow/package.json,已安装依赖，含开发依赖；分发范围需结合锁文件和安装包确认
extglob,0.3.2,MIT,node_modules/prettier-stylelint/node_modules/extglob/package.json,已安装依赖，含开发依赖；分发范围需结合锁文件和安装包确认
extglob,2.0.4,MIT,node_modules/extglob/package.json,已安装依赖，含开发依赖；分发范围需结合锁文件和安装包确认
extract-zip,1.7.0,BSD-2-Clause,node_modules/extract-zip/package.json,已安装依赖，含开发依赖；分发范围需结合锁文件和安装包确认
extsprintf,1.3.0,MIT,node_modules/jsprim/node_modules/extsprintf/package.json,已安装依赖，含开发依赖；分发范围需结合锁文件和安装包确认
extsprintf,1.4.0,MIT,node_modules/extsprintf/package.json,已安装依赖，含开发依赖；分发范围需结合锁文件和安装包确认
extsprintf,1.4.0,MIT,node_modules/jsprim/node_modules/verror/node_modules/extsprintf/package.json,已安装依赖，含开发依赖；分发范围需结合锁文件和安装包确认
fast-deep-equal,3.1.3,MIT,node_modules/fast-deep-equal/package.json,已安装依赖，含开发依赖；分发范围需结合锁文件和安装包确认
fast-diff,1.2.0,Apache-2.0,node_modules/fast-diff/package.json,已安装依赖，含开发依赖；分发范围需结合锁文件和安装包确认
fast-glob,3.2.11,MIT,node_modules/fast-glob/package.json,已安装依赖，含开发依赖；分发范围需结合锁文件和安装包确认
fast-glob,3.2.11,MIT,node_modules/stylelint/node_modules/globby/node_modules/fast-glob/package.json,已安装依赖，含开发依赖；分发范围需结合锁文件和安装包确认
fast-glob,3.2.12,MIT,node_modules/stylelint/node_modules/fast-glob/package.json,已安装依赖，含开发依赖；分发范围需结合锁文件和安装包确认
fast-json-stable-stringify,2.1.0,MIT,node_modules/fast-json-stable-stringify/package.json,已安装依赖，含开发依赖；分发范围需结合锁文件和安装包确认
fast-levenshtein,2.0.6,MIT,node_modules/fast-levenshtein/package.json,已安装依赖，含开发依赖；分发范围需结合锁文件和安装包确认
fastest-levenshtein,1.0.12,MIT,node_modules/fastest-levenshtein/package.json,已安装依赖，含开发依赖；分发范围需结合锁文件和安装包确认
fastest-levenshtein,1.0.16,MIT,node_modules/stylelint/node_modules/fastest-levenshtein/package.json,已安装依赖，含开发依赖；分发范围需结合锁文件和安装包确认
fastq,1.9.0,ISC,node_modules/fastq/package.json,已安装依赖，含开发依赖；分发范围需结合锁文件和安装包确认
faye-websocket,0.11.4,Apache-2.0,node_modules/faye-websocket/package.json,已安装依赖，含开发依赖；分发范围需结合锁文件和安装包确认
fd-slicer,1.1.0,MIT,node_modules/fd-slicer/package.json,已安装依赖，含开发依赖；分发范围需结合锁文件和安装包确认
fetch-blob,3.2.0,MIT,node_modules/fetch-blob/package.json,已安装依赖，含开发依赖；分发范围需结合锁文件和安装包确认
file-entry-cache,2.0.0,MIT,node_modules/prettier-stylelint/node_modules/file-entry-cache/package.json,已安装依赖，含开发依赖；分发范围需结合锁文件和安装包确认
file-entry-cache,6.0.1,MIT,node_modules/file-entry-cache/package.json,已安装依赖，含开发依赖；分发范围需结合锁文件和安装包确认
file-loader,6.2.0,MIT,node_modules/file-loader/package.json,已安装依赖，含开发依赖；分发范围需结合锁文件和安装包确认
file-uri-to-path,1.0.0,MIT,node_modules/file-uri-to-path/package.json,已安装依赖，含开发依赖；分发范围需结合锁文件和安装包确认
filelist,1.0.1,Apache-2.0,node_modules/filelist/package.json,已安装依赖，含开发依赖；分发范围需结合锁文件和安装包确认
filename-regex,2.0.1,MIT,node_modules/filename-regex/package.json,已安装依赖，含开发依赖；分发范围需结合锁文件和安装包确认
filesize,3.6.1,BSD-3-Clause,node_modules/filesize/package.json,已安装依赖，含开发依赖；分发范围需结合锁文件和安装包确认
fill-range,2.2.4,MIT,node_modules/expand-range/node_modules/fill-range/package.json,已安装依赖，含开发依赖；分发范围需结合锁文件和安装包确认
fill-range,4.0.0,MIT,node_modules/micromatch/node_modules/fill-range/package.json,已安装依赖，含开发依赖；分发范围需结合锁文件和安装包确认
fill-range,4.0.0,MIT,node_modules/webpack-dev-server/node_modules/fill-range/package.json,已安装依赖，含开发依赖；分发范围需结合锁文件和安装包确认
fill-range,7.0.1,MIT,node_modules/fill-range/package.json,已安装依赖，含开发依赖；分发范围需结合锁文件和安装包确认
finalhandler,1.2.0,MIT,node_modules/finalhandler/package.json,已安装依赖，含开发依赖；分发范围需结合锁文件和安装包确认
find-cache-dir,2.1.0,MIT,node_modules/find-cache-dir/package.json,已安装依赖，含开发依赖；分发范围需结合锁文件和安装包确认
find-cache-dir,3.3.2,MIT,node_modules/babel-loader/node_modules/find-cache-dir/package.json,已安装依赖，含开发依赖；分发范围需结合锁文件和安装包确认
find-root,1.1.0,MIT,node_modules/find-root/package.json,已安装依赖，含开发依赖；分发范围需结合锁文件和安装包确认
find-up,1.1.2,MIT,node_modules/read-pkg-up/node_modules/find-up/package.json,已安装依赖，含开发依赖；分发范围需结合锁文件和安装包确认
find-up,2.1.0,MIT,node_modules/import-local/node_modules/find-up/package.json,已安装依赖，含开发依赖；分发范围需结合锁文件和安装包确认
find-up,2.1.0,MIT,node_modules/prettier-stylelint/node_modules/find-up/package.json,已安装依赖，含开发依赖；分发范围需结合锁文件和安装包确认
find-up,3.0.0,MIT,node_modules/find-cache-dir/node_modules/find-up/package.json,已安装依赖，含开发依赖；分发范围需结合锁文件和安装包确认
find-up,3.0.0,MIT,node_modules/webpack-dev-server/node_modules/find-up/package.json,已安装依赖，含开发依赖；分发范围需结合锁文件和安装包确认
find-up,3.0.0,MIT,node_modules/yargs/node_modules/find-up/package.json,已安装依赖，含开发依赖；分发范围需结合锁文件和安装包确认
find-up,4.1.0,MIT,node_modules/find-up/package.json,已安装依赖，含开发依赖；分发范围需结合锁文件和安装包确认
find-up,5.0.0,MIT,node_modules/eslint-plugin-compat/node_modules/find-up/package.json,已安装依赖，含开发依赖；分发范围需结合锁文件和安装包确认
find-up,5.0.0,MIT,node_modules/eslint/node_modules/find-up/package.json,已安装依赖，含开发依赖；分发范围需结合锁文件和安装包确认
find-up,5.0.0,MIT,node_modules/husky/node_modules/find-up/package.json,已安装依赖，含开发依赖；分发范围需结合锁文件和安装包确认
find-up,6.3.0,MIT,node_modules/pkg-dir/node_modules/find-up/package.json,已安装依赖，含开发依赖；分发范围需结合锁文件和安装包确认
find-versions,4.0.0,MIT,node_modules/find-versions/package.json,已安装依赖，含开发依赖；分发范围需结合锁文件和安装包确认
flat-cache,1.3.4,MIT,node_modules/prettier-stylelint/node_modules/flat-cache/package.json,已安装依赖，含开发依赖；分发范围需结合锁文件和安装包确认
flat-cache,3.0.4,MIT,node_modules/flat-cache/package.json,已安装依赖，含开发依赖；分发范围需结合锁文件和安装包确认
flatted,3.1.0,ISC,node_modules/flatted/package.json,已安装依赖，含开发依赖；分发范围需结合锁文件和安装包确认
follow-redirects,1.15.2,MIT,node_modules/http-proxy/node_modules/follow-redirects/package.json,已安装依赖，含开发依赖；分发范围需结合锁文件和安装包确认
follow-redirects,1.15.6,MIT,node_modules/follow-redirects/package.json,已安装依赖，含开发依赖；分发范围需结合锁文件和安装包确认
for-in,1.0.2,MIT,node_modules/for-in/package.json,已安装依赖，含开发依赖；分发范围需结合锁文件和安装包确认
for-own,0.1.5,MIT,node_modules/for-own/package.json,已安装依赖，含开发依赖；分发范围需结合锁文件和安装包确认
foreach,2.0.5,MIT,node_modules/foreach/package.json,已安装依赖，含开发依赖；分发范围需结合锁文件和安装包确认
forever-agent,0.6.1,Apache-2.0,node_modules/forever-agent/package.json,已安装依赖，含开发依赖；分发范围需结合锁文件和安装包确认
form-data,2.3.3,MIT,node_modules/request/node_modules/form-data/package.json,已安装依赖，含开发依赖；分发范围需结合锁文件和安装包确认
form-data,4.0.0,MIT,node_modules/form-data/package.json,已安装依赖，含开发依赖；分发范围需结合锁文件和安装包确认
formdata-polyfill,4.0.10,MIT,node_modules/formdata-polyfill/package.json,已安装依赖，含开发依赖；分发范围需结合锁文件和安装包确认
forwarded,0.2.0,MIT,node_modules/forwarded/package.json,已安装依赖，含开发依赖；分发范围需结合锁文件和安装包确认
fragment-cache,0.2.1,MIT,node_modules/fragment-cache/package.json,已安装依赖，含开发依赖；分发范围需结合锁文件和安装包确认
fresh,0.5.2,MIT,node_modules/fresh/package.json,已安装依赖，含开发依赖；分发范围需结合锁文件和安装包确认
from,0.1.7,MIT,node_modules/from/package.json,已安装依赖，含开发依赖；分发范围需结合锁文件和安装包确认
fs-constants,1.0.0,MIT,node_modules/fs-constants/package.json,已安装依赖，含开发依赖；分发范围需结合锁文件和安装包确认
fs-extra,10.0.0,MIT,node_modules/builder-util/node_modules/fs-extra/package.json,已安装依赖，含开发依赖；分发范围需结合锁文件和安装包确认
fs-extra,10.0.0,MIT,node_modules/dmg-builder/node_modules/fs-extra/package.json,已安装依赖，含开发依赖；分发范围需结合锁文件和安装包确认
fs-extra,10.0.0,MIT,node_modules/electron-builder/node_modules/fs-extra/package.json,已安装依赖，含开发依赖；分发范围需结合锁文件和安装包确认
fs-extra,10.0.0,MIT,node_modules/electron-publish/node_modules/fs-extra/package.json,已安装依赖，含开发依赖；分发范围需结合锁文件和安装包确认
fs-extra,10.0.0,MIT,node_modules/electron-updater/node_modules/fs-extra/package.json,已安装依赖，含开发依赖；分发范围需结合锁文件和安装包确认
fs-extra,10.0.0,MIT,node_modules/temp-file/node_modules/fs-extra/package.json,已安装依赖，含开发依赖；分发范围需结合锁文件和安装包确认
fs-extra,10.0.0,MIT,node_modules/zx/node_modules/fs-extra/package.json,已安装依赖，含开发依赖；分发范围需结合锁文件和安装包确认
fs-extra,10.1.0,MIT,node_modules/fs-extra/package.json,已安装依赖，含开发依赖；分发范围需结合锁文件和安装包确认
fs-extra,4.0.3,MIT,node_modules/electron-download/node_modules/fs-extra/package.json,已安装依赖，含开发依赖；分发范围需结合锁文件和安装包确认
fs-extra,8.1.0,MIT,node_modules/@electron/get/node_modules/fs-extra/package.json,已安装依赖，含开发依赖；分发范围需结合锁文件和安装包确认
fs-extra,9.0.1,MIT,node_modules/@electron/notarize/node_modules/fs-extra/package.json,已安装依赖，含开发依赖；分发范围需结合锁文件和安装包确认
fs-extra,9.0.1,MIT,node_modules/@electron/universal/node_modules/fs-extra/package.json,已安装依赖，含开发依赖；分发范围需结合锁文件和安装包确认
fs-extra,9.1.0,MIT,node_modules/@malept/flatpak-bundler/node_modules/fs-extra/package.json,已安装依赖，含开发依赖；分发范围需结合锁文件和安装包确认
fs-minipass,2.1.0,ISC,node_modules/fs-minipass/package.json,已安装依赖，含开发依赖；分发范围需结合锁文件和安装包确认
fs.realpath,1.0.0,ISC,node_modules/fs.realpath/package.json,已安装依赖，含开发依赖；分发范围需结合锁文件和安装包确认
fsevents,1.2.13,MIT,node_modules/fsevents/package.json,已安装依赖，含开发依赖；分发范围需结合锁文件和安装包确认
fsevents,2.3.2,MIT,node_modules/chokidar/node_modules/fsevents/package.json,已安装依赖，含开发依赖；分发范围需结合锁文件和安装包确认
function-bind,1.1.1,MIT,node_modules/function-bind/package.json,已安装依赖，含开发依赖；分发范围需结合锁文件和安装包确认
function.prototype.name,1.1.5,MIT,node_modules/function.prototype.name/package.json,已安装依赖，含开发依赖；分发范围需结合锁文件和安装包确认
functions-have-names,1.2.3,MIT,node_modules/functions-have-names/package.json,已安装依赖，含开发依赖；分发范围需结合锁文件和安装包确认
gauge,2.7.4,ISC,node_modules/gauge/package.json,已安装依赖，含开发依赖；分发范围需结合锁文件和安装包确认
gensync,1.0.0-beta.2,MIT,node_modules/gensync/package.json,已安装依赖，含开发依赖；分发范围需结合锁文件和安装包确认
get-caller-file,2.0.5,ISC,node_modules/get-caller-file/package.json,已安装依赖，含开发依赖；分发范围需结合锁文件和安装包确认
get-intrinsic,1.0.1,MIT,node_modules/object.assign/node_modules/get-intrinsic/package.json,已安装依赖，含开发依赖；分发范围需结合锁文件和安装包确认
get-intrinsic,1.0.1,MIT,node_modules/side-channel/node_modules/call-bind/node_modules/get-intrinsic/package.json,已安装依赖，含开发依赖；分发范围需结合锁文件和安装包确认
get-intrinsic,1.1.1,MIT,node_modules/get-intrinsic/package.json,已安装依赖，含开发依赖；分发范围需结合锁文件和安装包确认
get-intrinsic,1.1.3,MIT,node_modules/array-includes/node_modules/get-intrinsic/package.json,已安装依赖，含开发依赖；分发范围需结合锁文件和安装包确认
get-intrinsic,1.1.3,MIT,node_modules/array.prototype.flatmap/node_modules/get-intrinsic/package.json,已安装依赖，含开发依赖；分发范围需结合锁文件和安装包确认
get-intrinsic,1.1.3,MIT,node_modules/object.hasown/node_modules/get-intrinsic/package.json,已安装依赖，含开发依赖；分发范围需结合锁文件和安装包确认
get-intrinsic,1.1.3,MIT,node_modules/safe-regex-test/node_modules/get-intrinsic/package.json,已安装依赖，含开发依赖；分发范围需结合锁文件和安装包确认
get-intrinsic,1.1.3,MIT,node_modules/string.prototype.matchall/node_modules/get-intrinsic/package.json,已安装依赖，含开发依赖；分发范围需结合锁文件和安装包确认
get-stdin,4.0.1,MIT,node_modules/get-stdin/package.json,已安装依赖，含开发依赖；分发范围需结合锁文件和安装包确认
get-stdin,5.0.1,MIT,node_modules/prettier-stylelint/node_modules/get-stdin/package.json,已安装依赖，含开发依赖；分发范围需结合锁文件和安装包确认
get-stream,3.0.0,MIT,node_modules/get-stream/package.json,已安装依赖，含开发依赖；分发范围需结合锁文件和安装包确认
get-stream,4.1.0,MIT,node_modules/default-gateway/node_modules/get-stream/package.json,已安装依赖，含开发依赖；分发范围需结合锁文件和安装包确认
get-stream,4.1.0,MIT,node_modules/got/node_modules/get-stream/package.json,已安装依赖，含开发依赖；分发范围需结合锁文件和安装包确认
get-stream,5.2.0,MIT,node_modules/cacheable-request/node_modules/get-stream/package.json,已安装依赖，含开发依赖；分发范围需结合锁文件和安装包确认
get-stream,6.0.1,MIT,node_modules/execa/node_modules/get-stream/package.json,已安装依赖，含开发依赖；分发范围需结合锁文件和安装包确认
get-symbol-description,1.0.0,MIT,node_modules/get-symbol-description/package.json,已安装依赖，含开发依赖；分发范围需结合锁文件和安装包确认
get-value,2.0.6,MIT,node_modules/get-value/package.json,已安装依赖，含开发依赖；分发范围需结合锁文件和安装包确认
getpass,0.1.7,MIT,node_modules/getpass/package.json,已安装依赖，含开发依赖；分发范围需结合锁文件和安装包确认
github-from-package,0.0.0,MIT,node_modules/github-from-package/package.json,已安装依赖，含开发依赖；分发范围需结合锁文件和安装包确认
glob,7.1.6,ISC,node_modules/asar/node_modules/glob/package.json,已安装依赖，含开发依赖；分发范围需结合锁文件和安装包确认
glob,7.1.6,ISC,node_modules/del/node_modules/glob/package.json,已安装依赖，含开发依赖；分发范围需结合锁文件和安装包确认
glob,7.1.6,ISC,node_modules/globby/node_modules/glob/package.json,已安装依赖，含开发依赖；分发范围需结合锁文件和安装包确认
glob,7.1.6,ISC,node_modules/prettier-stylelint/node_modules/rimraf/node_modules/glob/package.json,已安装依赖，含开发依赖；分发范围需结合锁文件和安装包确认
glob,7.1.6,ISC,node_modules/rimraf/node_modules/glob/package.json,已安装依赖，含开发依赖；分发范围需结合锁文件和安装包确认
glob,7.2.0,ISC,node_modules/glob/package.json,已安装依赖，含开发依赖；分发范围需结合锁文件和安装包确认
glob,7.2.3,ISC,node_modules/prettier-stylelint/node_modules/glob/package.json,已安装依赖，含开发依赖；分发范围需结合锁文件和安装包确认
glob-base,0.3.0,"{""type"": ""MIT"", ""url"": ""https://github.com/jonschlinkert/glob-base/blob/master/LICENSE""}",node_modules/glob-base/package.json,已安装依赖，含开发依赖；分发范围需结合锁文件和安装包确认
glob-parent,2.0.0,ISC,node_modules/glob-base/node_modules/glob-parent/package.json,已安装依赖，含开发依赖；分发范围需结合锁文件和安装包确认
glob-parent,3.1.0,ISC,node_modules/webpack-dev-server/node_modules/glob-parent/package.json,已安装依赖，含开发依赖；分发范围需结合锁文件和安装包确认
glob-parent,5.1.2,ISC,node_modules/glob-parent/package.json,已安装依赖，含开发依赖；分发范围需结合锁文件和安装包确认
glob-parent,6.0.2,ISC,node_modules/eslint/node_modules/glob-parent/package.json,已安装依赖，含开发依赖；分发范围需结合锁文件和安装包确认
glob-to-regexp,0.4.1,BSD-2-Clause,node_modules/glob-to-regexp/package.json,已安装依赖，含开发依赖；分发范围需结合锁文件和安装包确认
global,4.4.0,MIT,node_modules/global/package.json,已安装依赖，含开发依赖；分发范围需结合锁文件和安装包确认
global-agent,3.0.0,BSD-3-Clause,node_modules/global-agent/package.json,已安装依赖，含开发依赖；分发范围需结合锁文件和安装包确认
global-dirs,0.1.1,MIT,node_modules/global-dirs/package.json,已安装依赖，含开发依赖；分发范围需结合锁文件和安装包确认
global-dirs,3.0.0,MIT,node_modules/electron-builder/node_modules/global-dirs/package.json,已安装依赖，含开发依赖；分发范围需结合锁文件和安装包确认
global-modules,2.0.0,MIT,node_modules/global-modules/package.json,已安装依赖，含开发依赖；分发范围需结合锁文件和安装包确认
global-prefix,3.0.0,MIT,node_modules/global-prefix/package.json,已安装依赖，含开发依赖；分发范围需结合锁文件和安装包确认
global-tunnel-ng,2.7.1,BSD-3-Clause,node_modules/global-tunnel-ng/package.json,已安装依赖，含开发依赖；分发范围需结合锁文件和安装包确认
globals,11.12.0,MIT,node_modules/globals/package.json,已安装依赖，含开发依赖；分发范围需结合锁文件和安装包确认
globals,13.17.0,MIT,node_modules/@eslint/eslintrc/node_modules/globals/package.json,已安装依赖，含开发依赖；分发范围需结合锁文件和安装包确认
globals,13.17.0,MIT,node_modules/eslint/node_modules/globals/package.json,已安装依赖，含开发依赖；分发范围需结合锁文件和安装包确认
globalthis,1.0.1,MIT,node_modules/globalthis/package.json,已安装依赖，含开发依赖；分发范围需结合锁文件和安装包确认
globby,11.1.0,MIT,node_modules/stylelint/node_modules/globby/package.json,已安装依赖，含开发依赖；分发范围需结合锁文件和安装包确认
globby,13.1.1,MIT,node_modules/zx/node_modules/globby/package.json,已安装依赖，含开发依赖；分发范围需结合锁文件和安装包确认
globby,6.1.0,MIT,node_modules/globby/package.json,已安装依赖，含开发依赖；分发范围需结合锁文件和安装包确认
globby,7.1.1,MIT,node_modules/prettier-stylelint/node_modules/stylelint/node_modules/globby/package.json,已安装依赖，含开发依赖；分发范围需结合锁文件和安装包确认
globjoin,0.1.4,MIT,node_modules/globjoin/package.json,已安装依赖，含开发依赖；分发范围需结合锁文件和安装包确认
gonzales-pe,4.3.0,MIT,node_modules/gonzales-pe/package.json,已安装依赖，含开发依赖；分发范围需结合锁文件和安装包确认
got,6.7.1,MIT,node_modules/package-json/node_modules/got/package.json,已安装依赖，含开发依赖；分发范围需结合锁文件和安装包确认
got,9.6.0,MIT,node_modules/got/package.json,已安装依赖，含开发依赖；分发范围需结合锁文件和安装包确认
graceful-fs,4.2.10,ISC,node_modules/configstore/node_modules/write-file-atomic/node_modules/graceful-fs/package.json,已安装依赖，含开发依赖；分发范围需结合锁文件和安装包确认
graceful-fs,4.2.10,ISC,node_modules/readdirp/node_modules/graceful-fs/package.json,已安装依赖，含开发依赖；分发范围需结合锁文件和安装包确认
graceful-fs,4.2.11,ISC,node_modules/webpack/node_modules/graceful-fs/package.json,已安装依赖，含开发依赖；分发范围需结合锁文件和安装包确认
graceful-fs,4.2.4,ISC,node_modules/graceful-fs/package.json,已安装依赖，含开发依赖；分发范围需结合锁文件和安装包确认
graceful-fs,4.2.4,ISC,node_modules/webpack/node_modules/enhanced-resolve/node_modules/graceful-fs/package.json,已安装依赖，含开发依赖；分发范围需结合锁文件和安装包确认
graceful-readlink,1.0.1,MIT,node_modules/graceful-readlink/package.json,已安装依赖，含开发依赖；分发范围需结合锁文件和安装包确认
grapheme-splitter,1.0.4,MIT,node_modules/grapheme-splitter/package.json,已安装依赖，含开发依赖；分发范围需结合锁文件和安装包确认
gzip-size,5.1.1,MIT,node_modules/gzip-size/package.json,已安装依赖，含开发依赖；分发范围需结合锁文件和安装包确认
handle-thing,2.0.1,MIT,node_modules/handle-thing/package.json,已安装依赖，含开发依赖；分发范围需结合锁文件和安装包确认
har-schema,2.0.0,ISC,node_modules/har-schema/package.json,已安装依赖，含开发依赖；分发范围需结合锁文件和安装包确认
har-validator,5.1.5,MIT,node_modules/har-validator/package.json,已安装依赖，含开发依赖；分发范围需结合锁文件和安装包确认
hard-rejection,2.1.0,MIT,node_modules/hard-rejection/package.json,已安装依赖，含开发依赖；分发范围需结合锁文件和安装包确认
has,1.0.3,MIT,node_modules/has/package.json,已安装依赖，含开发依赖；分发范围需结合锁文件和安装包确认
has-ansi,2.0.0,MIT,node_modules/has-ansi/package.json,已安装依赖，含开发依赖；分发范围需结合锁文件和安装包确认
has-bigints,1.0.1,MIT,node_modules/has-bigints/package.json,已安装依赖，含开发依赖；分发范围需结合锁文件和安装包确认
has-bigints,1.0.2,MIT,node_modules/array-includes/node_modules/has-bigints/package.json,已安装依赖，含开发依赖；分发范围需结合锁文件和安装包确认
has-bigints,1.0.2,MIT,node_modules/array.prototype.flatmap/node_modules/has-bigints/package.json,已安装依赖，含开发依赖；分发范围需结合锁文件和安装包确认
has-bigints,1.0.2,MIT,node_modules/object.hasown/node_modules/has-bigints/package.json,已安装依赖，含开发依赖；分发范围需结合锁文件和安装包确认
has-bigints,1.0.2,MIT,node_modules/string.prototype.matchall/node_modules/has-bigints/package.json,已安装依赖，含开发依赖；分发范围需结合锁文件和安装包确认
has-flag,1.0.0,MIT,node_modules/postcss-less/node_modules/has-flag/package.json,已安装依赖，含开发依赖；分发范围需结合锁文件和安装包确认
has-flag,3.0.0,MIT,node_modules/@babel/core/node_modules/has-flag/package.json,已安装依赖，含开发依赖；分发范围需结合锁文件和安装包确认
has-flag,3.0.0,MIT,node_modules/@babel/highlight/node_modules/has-flag/package.json,已安装依赖，含开发依赖；分发范围需结合锁文件和安装包确认
has-flag,3.0.0,MIT,node_modules/@babel/template/node_modules/has-flag/package.json,已安装依赖，含开发依赖；分发范围需结合锁文件和安装包确认
has-flag,3.0.0,MIT,node_modules/@babel/traverse/node_modules/has-flag/package.json,已安装依赖，含开发依赖；分发范围需结合锁文件和安装包确认
has-flag,3.0.0,MIT,node_modules/autoprefixer/node_modules/has-flag/package.json,已安装依赖，含开发依赖；分发范围需结合锁文件和安装包确认
has-flag,3.0.0,MIT,node_modules/boxen/node_modules/has-flag/package.json,已安装依赖，含开发依赖；分发范围需结合锁文件和安装包确认
has-flag,3.0.0,MIT,node_modules/log-symbols/node_modules/has-flag/package.json,已安装依赖，含开发依赖；分发范围需结合锁文件和安装包确认
has-flag,3.0.0,MIT,node_modules/postcss-reporter/node_modules/has-flag/package.json,已安装依赖，含开发依赖；分发范围需结合锁文件和安装包确认
has-flag,3.0.0,MIT,node_modules/postcss-safe-parser/node_modules/has-flag/package.json,已安装依赖，含开发依赖；分发范围需结合锁文件和安装包确认
has-flag,3.0.0,MIT,node_modules/postcss-sass/node_modules/has-flag/package.json,已安装依赖，含开发依赖；分发范围需结合锁文件和安装包确认
has-flag,3.0.0,MIT,node_modules/postcss-scss/node_modules/has-flag/package.json,已安装依赖，含开发依赖；分发范围需结合锁文件和安装包确认
has-flag,3.0.0,MIT,node_modules/prettier-stylelint/node_modules/has-flag/package.json,已安装依赖，含开发依赖；分发范围需结合锁文件和安装包确认
has-flag,3.0.0,MIT,node_modules/replace/node_modules/has-flag/package.json,已安装依赖，含开发依赖；分发范围需结合锁文件和安装包确认
has-flag,3.0.0,MIT,node_modules/styled-components/node_modules/has-flag/package.json,已安装依赖，含开发依赖；分发范围需结合锁文件和安装包确认
has-flag,3.0.0,MIT,node_modules/sugarss/node_modules/has-flag/package.json,已安装依赖，含开发依赖；分发范围需结合锁文件和安装包确认
has-flag,3.0.0,MIT,node_modules/update-notifier/node_modules/has-flag/package.json,已安装依赖，含开发依赖；分发范围需结合锁文件和安装包确认
has-flag,3.0.0,MIT,node_modules/webpack-bundle-analyzer/node_modules/has-flag/package.json,已安装依赖，含开发依赖；分发范围需结合锁文件和安装包确认
has-flag,3.0.0,MIT,node_modules/webpack-dev-server/node_modules/has-flag/package.json,已安装依赖，含开发依赖；分发范围需结合锁文件和安装包确认
has-flag,4.0.0,MIT,node_modules/has-flag/package.json,已安装依赖，含开发依赖；分发范围需结合锁文件和安装包确认
has-property-descriptors,1.0.0,MIT,node_modules/has-property-descriptors/package.json,已安装依赖，含开发依赖；分发范围需结合锁文件和安装包确认
has-symbols,1.0.1,MIT,node_modules/has-symbols/package.json,已安装依赖，含开发依赖；分发范围需结合锁文件和安装包确认
has-symbols,1.0.2,MIT,node_modules/es-abstract/node_modules/has-symbols/package.json,已安装依赖，含开发依赖；分发范围需结合锁文件和安装包确认
has-symbols,1.0.2,MIT,node_modules/has-tostringtag/node_modules/has-symbols/package.json,已安装依赖，含开发依赖；分发范围需结合锁文件和安装包确认
has-symbols,1.0.2,MIT,node_modules/unbox-primitive/node_modules/has-symbols/package.json,已安装依赖，含开发依赖；分发范围需结合锁文件和安装包确认
has-symbols,1.0.2,MIT,node_modules/which-boxed-primitive/node_modules/has-symbols/package.json,已安装依赖，含开发依赖；分发范围需结合锁文件和安装包确认
has-symbols,1.0.3,MIT,node_modules/array-includes/node_modules/has-symbols/package.json,已安装依赖，含开发依赖；分发范围需结合锁文件和安装包确认
has-symbols,1.0.3,MIT,node_modules/array.prototype.flatmap/node_modules/has-symbols/package.json,已安装依赖，含开发依赖；分发范围需结合锁文件和安装包确认
has-symbols,1.0.3,MIT,node_modules/eslint-plugin-jsx-a11y/node_modules/has-symbols/package.json,已安装依赖，含开发依赖；分发范围需结合锁文件和安装包确认
has-symbols,1.0.3,MIT,node_modules/object.hasown/node_modules/has-symbols/package.json,已安装依赖，含开发依赖；分发范围需结合锁文件和安装包确认
has-symbols,1.0.3,MIT,node_modules/safe-regex-test/node_modules/has-symbols/package.json,已安装依赖，含开发依赖；分发范围需结合锁文件和安装包确认
has-symbols,1.0.3,MIT,node_modules/string.prototype.matchall/node_modules/has-symbols/package.json,已安装依赖，含开发依赖；分发范围需结合锁文件和安装包确认
has-tostringtag,1.0.0,MIT,node_modules/has-tostringtag/package.json,已安装依赖，含开发依赖；分发范围需结合锁文件和安装包确认
has-unicode,2.0.1,ISC,node_modules/has-unicode/package.json,已安装依赖，含开发依赖；分发范围需结合锁文件和安装包确认
has-value,0.3.1,MIT,node_modules/unset-value/node_modules/has-value/package.json,已安装依赖，含开发依赖；分发范围需结合锁文件和安装包确认
has-value,1.0.0,MIT,node_modules/has-value/package.json,已安装依赖，含开发依赖；分发范围需结合锁文件和安装包确认
has-values,0.1.4,MIT,node_modules/unset-value/node_modules/has-values/package.json,已安装依赖，含开发依赖；分发范围需结合锁文件和安装包确认
has-values,1.0.0,MIT,node_modules/has-values/package.json,已安装依赖，含开发依赖；分发范围需结合锁文件和安装包确认
has-yarn,2.1.0,MIT,node_modules/has-yarn/package.json,已安装依赖，含开发依赖；分发范围需结合锁文件和安装包确认
he,1.2.0,MIT,node_modules/he/package.json,已安装依赖，含开发依赖；分发范围需结合锁文件和安装包确认
history,4.10.1,MIT,node_modules/react-router-dom/node_modules/history/package.json,已安装依赖，含开发依赖；分发范围需结合锁文件和安装包确认
history,4.10.1,MIT,node_modules/react-router-redux/node_modules/history/package.json,已安装依赖，含开发依赖；分发范围需结合锁文件和安装包确认
history,4.10.1,MIT,node_modules/react-router/node_modules/history/package.json,已安装依赖，含开发依赖；分发范围需结合锁文件和安装包确认
history,5.2.0,MIT,node_modules/history/package.json,已安装依赖，含开发依赖；分发范围需结合锁文件和安装包确认
hoist-non-react-statics,2.5.5,BSD-3-Clause,node_modules/react-router-redux/node_modules/hoist-non-react-statics/package.json,已安装依赖，含开发依赖；分发范围需结合锁文件和安装包确认
hoist-non-react-statics,3.3.2,BSD-3-Clause,node_modules/hoist-non-react-statics/package.json,已安装依赖，含开发依赖；分发范围需结合锁文件和安装包确认
hoopy,0.1.4,MIT,node_modules/hoopy/package.json,已安装依赖，含开发依赖；分发范围需结合锁文件和安装包确认
hosted-git-info,2.8.8,ISC,node_modules/hosted-git-info/package.json,已安装依赖，含开发依赖；分发范围需结合锁文件和安装包确认
hosted-git-info,2.8.8,ISC,node_modules/stylelint/node_modules/read-pkg/node_modules/hosted-git-info/package.json,已安装依赖，含开发依赖；分发范围需结合锁文件和安装包确认
hosted-git-info,3.0.7,ISC,node_modules/stylelint/node_modules/hosted-git-info/package.json,已安装依赖，含开发依赖；分发范围需结合锁文件和安装包确认
hosted-git-info,4.1.0,ISC,node_modules/app-builder-lib/node_modules/hosted-git-info/package.json,已安装依赖，含开发依赖；分发范围需结合锁文件和安装包确认
hotkeys-js,3.8.7,MIT,node_modules/hotkeys-js/package.json,已安装依赖，含开发依赖；分发范围需结合锁文件和安装包确认
hpack.js,2.1.6,MIT,node_modules/hpack.js/package.json,已安装依赖，含开发依赖；分发范围需结合锁文件和安装包确认
html-entities,1.4.0,MIT,node_modules/html-entities/package.json,已安装依赖，含开发依赖；分发范围需结合锁文件和安装包确认
html-minifier-terser,6.1.0,MIT,node_modules/html-minifier-terser/package.json,已安装依赖，含开发依赖；分发范围需结合锁文件和安装包确认
html-tags,2.0.0,MIT,node_modules/prettier-stylelint/node_modules/html-tags/package.json,已安装依赖，含开发依赖；分发范围需结合锁文件和安装包确认
html-tags,3.2.0,MIT,node_modules/html-tags/package.json,已安装依赖，含开发依赖；分发范围需结合锁文件和安装包确认
html-webpack-plugin,5.5.0,MIT,node_modules/html-webpack-plugin/package.json,已安装依赖，含开发依赖；分发范围需结合锁文件和安装包确认
htmlparser2,3.10.1,MIT,node_modules/prettier-stylelint/node_modules/htmlparser2/package.json,已安装依赖，含开发依赖；分发范围需结合锁文件和安装包确认
htmlparser2,6.1.0,MIT,node_modules/renderkid/node_modules/htmlparser2/package.json,已安装依赖，含开发依赖；分发范围需结合锁文件和安装包确认
htmlparser2,8.0.1,MIT,node_modules/htmlparser2/package.json,已安装依赖，含开发依赖；分发范围需结合锁文件和安装包确认
http-cache-semantics,4.1.0,BSD-2-Clause,node_modules/http-cache-semantics/package.json,已安装依赖，含开发依赖；分发范围需结合锁文件和安装包确认
http-deceiver,1.2.7,MIT,node_modules/http-deceiver/package.json,已安装依赖，含开发依赖；分发范围需结合锁文件和安装包确认
http-errors,1.6.3,MIT,node_modules/serve-index/node_modules/http-errors/package.json,已安装依赖，含开发依赖；分发范围需结合锁文件和安装包确认
http-errors,2.0.0,MIT,node_modules/http-errors/package.json,已安装依赖，含开发依赖；分发范围需结合锁文件和安装包确认
http-parser-js,0.5.8,MIT,node_modules/http-parser-js/package.json,已安装依赖，含开发依赖；分发范围需结合锁文件和安装包确认
http-proxy,1.18.1,MIT,node_modules/http-proxy/package.json,已安装依赖，含开发依赖；分发范围需结合锁文件和安装包确认
http-proxy-agent,5.0.0,MIT,node_modules/http-proxy-agent/package.json,已安装依赖，含开发依赖；分发范围需结合锁文件和安装包确认
http-proxy-middleware,0.19.1,MIT,node_modules/http-proxy-middleware/package.json,已安装依赖，含开发依赖；分发范围需结合锁文件和安装包确认
http-signature,1.2.0,MIT,node_modules/http-signature/package.json,已安装依赖，含开发依赖；分发范围需结合锁文件和安装包确认
https-proxy-agent,5.0.0,MIT,node_modules/https-proxy-agent/package.json,已安装依赖，含开发依赖；分发范围需结合锁文件和安装包确认
human-signals,3.0.1,Apache-2.0,node_modules/human-signals/package.json,已安装依赖，含开发依赖；分发范围需结合锁文件和安装包确认
husky,4.3.8,MIT,node_modules/husky/package.json,已安装依赖，含开发依赖；分发范围需结合锁文件和安装包确认
hyphenate-style-name,1.0.4,BSD-3-Clause,node_modules/hyphenate-style-name/package.json,已安装依赖，含开发依赖；分发范围需结合锁文件和安装包确认
iconv-corefoundation,1.1.7,MIT,node_modules/iconv-corefoundation/package.json,已安装依赖，含开发依赖；分发范围需结合锁文件和安装包确认
iconv-lite,0.4.24,MIT,node_modules/iconv-lite/package.json,已安装依赖，含开发依赖；分发范围需结合锁文件和安装包确认
iconv-lite,0.6.2,MIT,node_modules/dmg-builder/node_modules/iconv-lite/package.json,已安装依赖，含开发依赖；分发范围需结合锁文件和安装包确认
icss-utils,5.0.0,ISC,node_modules/css-loader/node_modules/postcss-modules-local-by-default/node_modules/icss-utils/package.json,已安装依赖，含开发依赖；分发范围需结合锁文件和安装包确认
icss-utils,5.0.0,ISC,node_modules/css-loader/node_modules/postcss-modules-values/node_modules/icss-utils/package.json,已安装依赖，含开发依赖；分发范围需结合锁文件和安装包确认
icss-utils,5.1.0,ISC,node_modules/css-loader/node_modules/icss-utils/package.json,已安装依赖，含开发依赖；分发范围需结合锁文件和安装包确认
ieee754,1.2.1,BSD-3-Clause,node_modules/ieee754/package.json,已安装依赖，含开发依赖；分发范围需结合锁文件和安装包确认
ignore,3.3.10,MIT,node_modules/prettier-stylelint/node_modules/ignore/package.json,已安装依赖，含开发依赖；分发范围需结合锁文件和安装包确认
ignore,5.2.0,MIT,node_modules/ignore/package.json,已安装依赖，含开发依赖；分发范围需结合锁文件和安装包确认
immediate,3.0.6,MIT,node_modules/immediate/package.json,已安装依赖，含开发依赖；分发范围需结合锁文件和安装包确认
immutable,4.1.0,MIT,node_modules/immutable/package.json,已安装依赖，含开发依赖；分发范围需结合锁文件和安装包确认
import-fresh,3.2.2,MIT,node_modules/import-fresh/package.json,已安装依赖，含开发依赖；分发范围需结合锁文件和安装包确认
import-lazy,2.1.0,MIT,node_modules/import-lazy/package.json,已安装依赖，含开发依赖；分发范围需结合锁文件和安装包确认
import-lazy,4.0.0,MIT,node_modules/stylelint/node_modules/import-lazy/package.json,已安装依赖，含开发依赖；分发范围需结合锁文件和安装包确认
import-local,0.1.1,MIT,node_modules/import-local/package.json,已安装依赖，含开发依赖；分发范围需结合锁文件和安装包确认
import-local,2.0.0,MIT,node_modules/webpack-dev-server/node_modules/import-local/package.json,已安装依赖，含开发依赖；分发范围需结合锁文件和安装包确认
import-local,3.0.2,MIT,node_modules/webpack-cli/node_modules/import-local/package.json,已安装依赖，含开发依赖；分发范围需结合锁文件和安装包确认
imurmurhash,0.1.4,MIT,node_modules/imurmurhash/package.json,已安装依赖，含开发依赖；分发范围需结合锁文件和安装包确认
indent-string,2.1.0,MIT,node_modules/redent/node_modules/indent-string/package.json,已安装依赖，含开发依赖；分发范围需结合锁文件和安装包确认
indent-string,3.2.0,MIT,node_modules/prettier-stylelint/node_modules/indent-string/package.json,已安装依赖，含开发依赖；分发范围需结合锁文件和安装包确认
indent-string,4.0.0,MIT,node_modules/indent-string/package.json,已安装依赖，含开发依赖；分发范围需结合锁文件和安装包确认
indexes-of,1.0.1,MIT,node_modules/indexes-of/package.json,已安装依赖，含开发依赖；分发范围需结合锁文件和安装包确认
inflight,1.0.6,ISC,node_modules/inflight/package.json,已安装依赖，含开发依赖；分发范围需结合锁文件和安装包确认
inherits,2.0.3,ISC,node_modules/path/node_modules/inherits/package.json,已安装依赖，含开发依赖；分发范围需结合锁文件和安装包确认
inherits,2.0.3,ISC,node_modules/serve-index/node_modules/inherits/package.json,已安装依赖，含开发依赖；分发范围需结合锁文件和安装包确认
inherits,2.0.4,ISC,node_modules/inherits/package.json,已安装依赖，含开发依赖；分发范围需结合锁文件和安装包确认
ini,1.3.5,ISC,node_modules/ini/package.json,已安装依赖，含开发依赖；分发范围需结合锁文件和安装包确认
ini,2.0.0,ISC,node_modules/electron-builder/node_modules/ini/package.json,已安装依赖，含开发依赖；分发范围需结合锁文件和安装包确认
internal-ip,4.3.0,MIT,node_modules/internal-ip/package.json,已安装依赖，含开发依赖；分发范围需结合锁文件和安装包确认
internal-slot,1.0.3,MIT,node_modules/internal-slot/package.json,已安装依赖，含开发依赖；分发范围需结合锁文件和安装包确认
interpret,1.4.0,MIT,node_modules/interpret/package.json,已安装依赖，含开发依赖；分发范围需结合锁文件和安装包确认
interpret,2.2.0,MIT,node_modules/webpack-cli/node_modules/interpret/package.json,已安装依赖，含开发依赖；分发范围需结合锁文件和安装包确认
invariant,2.2.4,MIT,node_modules/invariant/package.json,已安装依赖，含开发依赖；分发范围需结合锁文件和安装包确认
ip,1.1.8,MIT,node_modules/ip/package.json,已安装依赖，含开发依赖；分发范围需结合锁文件和安装包确认
ip-regex,2.1.0,MIT,node_modules/ip-regex/package.json,已安装依赖，含开发依赖；分发范围需结合锁文件和安装包确认
ipaddr.js,1.9.1,MIT,node_modules/ipaddr.js/package.json,已安装依赖，含开发依赖；分发范围需结合锁文件和安装包确认
irregular-plurals,3.2.0,MIT,node_modules/irregular-plurals/package.json,已安装依赖，含开发依赖；分发范围需结合锁文件和安装包确认
is-absolute-url,3.0.3,MIT,node_modules/is-absolute-url/package.json,已安装依赖，含开发依赖；分发范围需结合锁文件和安装包确认
is-accessor-descriptor,0.1.6,MIT,node_modules/define-property/node_modules/is-accessor-descriptor/package.json,已安装依赖，含开发依赖；分发范围需结合锁文件和安装包确认
is-accessor-descriptor,1.0.0,MIT,node_modules/is-accessor-descriptor/package.json,已安装依赖，含开发依赖；分发范围需结合锁文件和安装包确认
is-alphabetical,1.0.4,MIT,node_modules/is-alphabetical/package.json,已安装依赖，含开发依赖；分发范围需结合锁文件和安装包确认
is-alphanumeric,1.0.0,MIT,node_modules/is-alphanumeric/package.json,已安装依赖，含开发依赖；分发范围需结合锁文件和安装包确认
is-alphanumerical,1.0.4,MIT,node_modules/is-alphanumerical/package.json,已安装依赖，含开发依赖；分发范围需结合锁文件和安装包确认
is-arguments,1.0.4,MIT,node_modules/is-arguments/package.json,已安装依赖，含开发依赖；分发范围需结合锁文件和安装包确认
is-arrayish,0.2.1,MIT,node_modules/is-arrayish/package.json,已安装依赖，含开发依赖；分发范围需结合锁文件和安装包确认
is-bigint,1.0.4,MIT,node_modules/is-bigint/package.json,已安装依赖，含开发依赖；分发范围需结合锁文件和安装包确认
is-binary-path,1.0.1,MIT,node_modules/is-binary-path/package.json,已安装依赖，含开发依赖；分发范围需结合锁文件和安装包确认
is-binary-path,2.1.0,MIT,node_modules/chokidar/node_modules/is-binary-path/package.json,已安装依赖，含开发依赖；分发范围需结合锁文件和安装包确认
is-boolean-object,1.1.2,MIT,node_modules/is-boolean-object/package.json,已安装依赖，含开发依赖；分发范围需结合锁文件和安装包确认
is-buffer,1.1.6,MIT,node_modules/is-buffer/package.json,已安装依赖，含开发依赖；分发范围需结合锁文件和安装包确认
is-callable,1.2.2,MIT,node_modules/is-callable/package.json,已安装依赖，含开发依赖；分发范围需结合锁文件和安装包确认
is-callable,1.2.4,MIT,node_modules/es-abstract/node_modules/is-callable/package.json,已安装依赖，含开发依赖；分发范围需结合锁文件和安装包确认
is-callable,1.2.7,MIT,node_modules/array-includes/node_modules/is-callable/package.json,已安装依赖，含开发依赖；分发范围需结合锁文件和安装包确认
is-callable,1.2.7,MIT,node_modules/array.prototype.flatmap/node_modules/is-callable/package.json,已安装依赖，含开发依赖；分发范围需结合锁文件和安装包确认
is-callable,1.2.7,MIT,node_modules/object.hasown/node_modules/is-callable/package.json,已安装依赖，含开发依赖；分发范围需结合锁文件和安装包确认
is-callable,1.2.7,MIT,node_modules/string.prototype.matchall/node_modules/is-callable/package.json,已安装依赖，含开发依赖；分发范围需结合锁文件和安装包确认
is-ci,1.2.1,MIT,node_modules/update-notifier/node_modules/is-ci/package.json,已安装依赖，含开发依赖；分发范围需结合锁文件和安装包确认
is-ci,2.0.0,MIT,node_modules/electron-builder/node_modules/update-notifier/node_modules/is-ci/package.json,已安装依赖，含开发依赖；分发范围需结合锁文件和安装包确认
is-ci,3.0.1,MIT,node_modules/is-ci/package.json,已安装依赖，含开发依赖；分发范围需结合锁文件和安装包确认
is-core-module,2.0.0,MIT,node_modules/resolve/node_modules/is-core-module/package.json,已安装依赖，含开发依赖；分发范围需结合锁文件和安装包确认
is-core-module,2.11.0,MIT,node_modules/@babel/helper-define-polyfill-provider/node_modules/is-core-module/package.json,已安装依赖，含开发依赖；分发范围需结合锁文件和安装包确认
is-core-module,2.11.0,MIT,node_modules/eslint-plugin-import/node_modules/resolve/node_modules/is-core-module/package.json,已安装依赖，含开发依赖；分发范围需结合锁文件和安装包确认
is-core-module,2.2.0,MIT,node_modules/rechoir/node_modules/is-core-module/package.json,已安装依赖，含开发依赖；分发范围需结合锁文件和安装包确认
is-core-module,2.8.1,MIT,node_modules/is-core-module/package.json,已安装依赖，含开发依赖；分发范围需结合锁文件和安装包确认
is-data-descriptor,0.1.4,MIT,node_modules/define-property/node_modules/is-data-descriptor/package.json,已安装依赖，含开发依赖；分发范围需结合锁文件和安装包确认
is-data-descriptor,1.0.0,MIT,node_modules/is-data-descriptor/package.json,已安装依赖，含开发依赖；分发范围需结合锁文件和安装包确认
is-date-object,1.0.2,MIT,node_modules/is-date-object/package.json,已安装依赖，含开发依赖；分发范围需结合锁文件和安装包确认
is-decimal,1.0.4,MIT,node_modules/is-decimal/package.json,已安装依赖，含开发依赖；分发范围需结合锁文件和安装包确认
is-descriptor,0.1.6,MIT,node_modules/define-property/node_modules/is-descriptor/package.json,已安装依赖，含开发依赖；分发范围需结合锁文件和安装包确认
is-descriptor,1.0.2,MIT,node_modules/is-descriptor/package.json,已安装依赖，含开发依赖；分发范围需结合锁文件和安装包确认
is-directory,0.3.1,MIT,node_modules/is-directory/package.json,已安装依赖，含开发依赖；分发范围需结合锁文件和安装包确认
is-dotfile,1.0.3,MIT,node_modules/is-dotfile/package.json,已安装依赖，含开发依赖；分发范围需结合锁文件和安装包确认
is-equal-shallow,0.1.3,MIT,node_modules/is-equal-shallow/package.json,已安装依赖，含开发依赖；分发范围需结合锁文件和安装包确认
is-extendable,0.1.1,MIT,node_modules/is-extendable/package.json,已安装依赖，含开发依赖；分发范围需结合锁文件和安装包确认
is-extendable,0.1.1,MIT,node_modules/micromatch/node_modules/braces/node_modules/is-extendable/package.json,已安装依赖，含开发依赖；分发范围需结合锁文件和安装包确认
is-extendable,0.1.1,MIT,node_modules/micromatch/node_modules/fill-range/node_modules/is-extendable/package.json,已安装依赖，含开发依赖；分发范围需结合锁文件和安装包确认
is-extendable,1.0.1,MIT,node_modules/micromatch/node_modules/is-extendable/package.json,已安装依赖，含开发依赖；分发范围需结合锁文件和安装包确认
is-extendable,1.0.1,MIT,node_modules/mixin-deep/node_modules/is-extendable/package.json,已安装依赖，含开发依赖；分发范围需结合锁文件和安装包确认
is-extendable,1.0.1,MIT,node_modules/nanomatch/node_modules/is-extendable/package.json,已安装依赖，含开发依赖；分发范围需结合锁文件和安装包确认
is-extendable,1.0.1,MIT,node_modules/regex-not/node_modules/is-extendable/package.json,已安装依赖，含开发依赖；分发范围需结合锁文件和安装包确认
is-extendable,1.0.1,MIT,node_modules/split-string/node_modules/is-extendable/package.json,已安装依赖，含开发依赖；分发范围需结合锁文件和安装包确认
is-extendable,1.0.1,MIT,node_modules/to-regex/node_modules/is-extendable/package.json,已安装依赖，含开发依赖；分发范围需结合锁文件和安装包确认
is-extglob,1.0.0,MIT,node_modules/is-extglob/package.json,已安装依赖，含开发依赖；分发范围需结合锁文件和安装包确认
is-extglob,2.1.1,MIT,node_modules/chokidar/node_modules/is-extglob/package.json,已安装依赖，含开发依赖；分发范围需结合锁文件和安装包确认
is-extglob,2.1.1,MIT,node_modules/eslint-plugin-import/node_modules/is-extglob/package.json,已安装依赖，含开发依赖；分发范围需结合锁文件和安装包确认
is-extglob,2.1.1,MIT,node_modules/eslint/node_modules/is-extglob/package.json,已安装依赖，含开发依赖；分发范围需结合锁文件和安装包确认
is-extglob,2.1.1,MIT,node_modules/glob-parent/node_modules/is-extglob/package.json,已安装依赖，含开发依赖；分发范围需结合锁文件和安装包确认
is-extglob,2.1.1,MIT,node_modules/http-proxy-middleware/node_modules/is-extglob/package.json,已安装依赖，含开发依赖；分发范围需结合锁文件和安装包确认
is-extglob,2.1.1,MIT,node_modules/webpack-dev-server/node_modules/is-extglob/package.json,已安装依赖，含开发依赖；分发范围需结合锁文件和安装包确认
is-finite,1.1.0,MIT,node_modules/is-finite/package.json,已安装依赖，含开发依赖；分发范围需结合锁文件和安装包确认
is-fullwidth-code-point,1.0.0,MIT,node_modules/gauge/node_modules/is-fullwidth-code-point/package.json,已安装依赖，含开发依赖；分发范围需结合锁文件和安装包确认
is-fullwidth-code-point,1.0.0,MIT,node_modules/single-line-log/node_modules/is-fullwidth-code-point/package.json,已安装依赖，含开发依赖；分发范围需结合锁文件和安装包确认
is-fullwidth-code-point,2.0.0,MIT,node_modules/ansi-align/node_modules/is-fullwidth-code-point/package.json,已安装依赖，含开发依赖；分发范围需结合锁文件和安装包确认
is-fullwidth-code-point,2.0.0,MIT,node_modules/boxen/node_modules/is-fullwidth-code-point/package.json,已安装依赖，含开发依赖；分发范围需结合锁文件和安装包确认
is-fullwidth-code-point,2.0.0,MIT,node_modules/electron-builder/node_modules/ansi-align/node_modules/is-fullwidth-code-point/package.json,已安装依赖，含开发依赖；分发范围需结合锁文件和安装包确认
is-fullwidth-code-point,2.0.0,MIT,node_modules/prettier-stylelint/node_modules/is-fullwidth-code-point/package.json,已安装依赖，含开发依赖；分发范围需结合锁文件和安装包确认
is-fullwidth-code-point,2.0.0,MIT,node_modules/widest-line/node_modules/is-fullwidth-code-point/package.json,已安装依赖，含开发依赖；分发范围需结合锁文件和安装包确认
is-fullwidth-code-point,2.0.0,MIT,node_modules/yargs/node_modules/is-fullwidth-code-point/package.json,已安装依赖，含开发依赖；分发范围需结合锁文件和安装包确认
is-fullwidth-code-point,3.0.0,MIT,node_modules/is-fullwidth-code-point/package.json,已安装依赖，含开发依赖；分发范围需结合锁文件和安装包确认
is-fullwidth-code-point,4.0.0,MIT,node_modules/lint-staged/node_modules/is-fullwidth-code-point/package.json,已安装依赖，含开发依赖；分发范围需结合锁文件和安装包确认
is-generator-function,1.0.7,MIT,node_modules/is-generator-function/package.json,已安装依赖，含开发依赖；分发范围需结合锁文件和安装包确认
is-glob,2.0.1,MIT,node_modules/is-glob/package.json,已安装依赖，含开发依赖；分发范围需结合锁文件和安装包确认
is-glob,3.1.0,MIT,node_modules/webpack-dev-server/node_modules/glob-parent/node_modules/is-glob/package.json,已安装依赖，含开发依赖；分发范围需结合锁文件和安装包确认
is-glob,4.0.1,MIT,node_modules/eslint/node_modules/is-glob/package.json,已安装依赖，含开发依赖；分发范围需结合锁文件和安装包确认
is-glob,4.0.1,MIT,node_modules/glob-parent/node_modules/is-glob/package.json,已安装依赖，含开发依赖；分发范围需结合锁文件和安装包确认
is-glob,4.0.1,MIT,node_modules/http-proxy-middleware/node_modules/is-glob/package.json,已安装依赖，含开发依赖；分发范围需结合锁文件和安装包确认
is-glob,4.0.1,MIT,node_modules/webpack-dev-server/node_modules/is-glob/package.json,已安装依赖，含开发依赖；分发范围需结合锁文件和安装包确认
is-glob,4.0.3,MIT,node_modules/chokidar/node_modules/is-glob/package.json,已安装依赖，含开发依赖；分发范围需结合锁文件和安装包确认
is-glob,4.0.3,MIT,node_modules/eslint-plugin-import/node_modules/is-glob/package.json,已安装依赖，含开发依赖；分发范围需结合锁文件和安装包确认
is-glob,4.0.3,MIT,node_modules/eslint/node_modules/glob-parent/node_modules/is-glob/package.json,已安装依赖，含开发依赖；分发范围需结合锁文件和安装包确认
is-hexadecimal,1.0.4,MIT,node_modules/is-hexadecimal/package.json,已安装依赖，含开发依赖；分发范围需结合锁文件和安装包确认
is-in-browser,1.1.3,MIT,node_modules/is-in-browser/package.json,已安装依赖，含开发依赖；分发范围需结合锁文件和安装包确认
is-installed-globally,0.1.0,MIT,node_modules/is-installed-globally/package.json,已安装依赖，含开发依赖；分发范围需结合锁文件和安装包确认
is-installed-globally,0.4.0,MIT,node_modules/electron-builder/node_modules/is-installed-globally/package.json,已安装依赖，含开发依赖；分发范围需结合锁文件和安装包确认
is-negative-zero,2.0.0,MIT,node_modules/is-typed-array/node_modules/is-negative-zero/package.json,已安装依赖，含开发依赖；分发范围需结合锁文件和安装包确认
is-negative-zero,2.0.0,MIT,node_modules/jsx-ast-utils/node_modules/is-negative-zero/package.json,已安装依赖，含开发依赖；分发范围需结合锁文件和安装包确认
is-negative-zero,2.0.0,MIT,node_modules/string.prototype.trimstart/node_modules/is-negative-zero/package.json,已安装依赖，含开发依赖；分发范围需结合锁文件和安装包确认
is-negative-zero,2.0.0,MIT,node_modules/which-typed-array/node_modules/is-negative-zero/package.json,已安装依赖，含开发依赖；分发范围需结合锁文件和安装包确认
is-negative-zero,2.0.2,MIT,node_modules/is-negative-zero/package.json,已安装依赖，含开发依赖；分发范围需结合锁文件和安装包确认
is-npm,1.0.0,MIT,node_modules/is-npm/package.json,已安装依赖，含开发依赖；分发范围需结合锁文件和安装包确认
is-npm,5.0.0,MIT,node_modules/electron-builder/node_modules/is-npm/package.json,已安装依赖，含开发依赖；分发范围需结合锁文件和安装包确认
is-number,2.1.0,MIT,node_modules/expand-range/node_modules/is-number/package.json,已安装依赖，含开发依赖；分发范围需结合锁文件和安装包确认
is-number,3.0.0,MIT,node_modules/is-number/package.json,已安装依赖，含开发依赖；分发范围需结合锁文件和安装包确认
is-number,4.0.0,MIT,node_modules/randomatic/node_modules/is-number/package.json,已安装依赖，含开发依赖；分发范围需结合锁文件和安装包确认
is-number,7.0.0,MIT,node_modules/to-regex-range/node_modules/is-number/package.json,已安装依赖，含开发依赖；分发范围需结合锁文件和安装包确认
is-number-object,1.0.6,MIT,node_modules/is-number-object/package.json,已安装依赖，含开发依赖；分发范围需结合锁文件和安装包确认
is-obj,1.0.1,MIT,node_modules/configstore/node_modules/is-obj/package.json,已安装依赖，含开发依赖；分发范围需结合锁文件和安装包确认
is-obj,2.0.0,MIT,node_modules/is-obj/package.json,已安装依赖，含开发依赖；分发范围需结合锁文件和安装包确认
is-path-cwd,2.2.0,MIT,node_modules/is-path-cwd/package.json,已安装依赖，含开发依赖；分发范围需结合锁文件和安装包确认
is-path-in-cwd,2.1.0,MIT,node_modules/is-path-in-cwd/package.json,已安装依赖，含开发依赖；分发范围需结合锁文件和安装包确认
is-path-inside,1.0.1,MIT,node_modules/is-installed-globally/node_modules/is-path-inside/package.json,已安装依赖，含开发依赖；分发范围需结合锁文件和安装包确认
is-path-inside,2.1.0,MIT,node_modules/is-path-in-cwd/node_modules/is-path-inside/package.json,已安装依赖，含开发依赖；分发范围需结合锁文件和安装包确认
is-path-inside,3.0.3,MIT,node_modules/is-path-inside/package.json,已安装依赖，含开发依赖；分发范围需结合锁文件和安装包确认
is-plain-obj,1.1.0,MIT,node_modules/is-plain-obj/package.json,已安装依赖，含开发依赖；分发范围需结合锁文件和安装包确认
is-plain-object,2.0.4,MIT,node_modules/is-plain-object/package.json,已安装依赖，含开发依赖；分发范围需结合锁文件和安装包确认
is-plain-object,5.0.0,MIT,node_modules/sanitize-html/node_modules/is-plain-object/package.json,已安装依赖，含开发依赖；分发范围需结合锁文件和安装包确认
is-plain-object,5.0.0,MIT,node_modules/stylelint/node_modules/is-plain-object/package.json,已安装依赖，含开发依赖；分发范围需结合锁文件和安装包确认
is-posix-bracket,0.1.1,MIT,node_modules/is-posix-bracket/package.json,已安装依赖，含开发依赖；分发范围需结合锁文件和安装包确认
is-primitive,2.0.0,"{""type"": ""MIT"", ""url"": ""https://github.com/jonschlinkert/is-primitive/blob/master/LICENSE""}",node_modules/is-primitive/package.json,已安装依赖，含开发依赖；分发范围需结合锁文件和安装包确认
is-redirect,1.0.0,MIT,node_modules/is-redirect/package.json,已安装依赖，含开发依赖；分发范围需结合锁文件和安装包确认
is-regex,1.1.1,MIT,node_modules/is-typed-array/node_modules/is-regex/package.json,已安装依赖，含开发依赖；分发范围需结合锁文件和安装包确认
is-regex,1.1.1,MIT,node_modules/jsx-ast-utils/node_modules/is-regex/package.json,已安装依赖，含开发依赖；分发范围需结合锁文件和安装包确认
is-regex,1.1.1,MIT,node_modules/string.prototype.trimstart/node_modules/is-regex/package.json,已安装依赖，含开发依赖；分发范围需结合锁文件和安装包确认
is-regex,1.1.1,MIT,node_modules/which-typed-array/node_modules/is-regex/package.json,已安装依赖，含开发依赖；分发范围需结合锁文件和安装包确认
is-regex,1.1.4,MIT,node_modules/is-regex/package.json,已安装依赖，含开发依赖；分发范围需结合锁文件和安装包确认
is-regexp,1.0.0,MIT,node_modules/is-regexp/package.json,已安装依赖，含开发依赖；分发范围需结合锁文件和安装包确认
is-retry-allowed,1.2.0,MIT,node_modules/is-retry-allowed/package.json,已安装依赖，含开发依赖；分发范围需结合锁文件和安装包确认
is-shared-array-buffer,1.0.1,MIT,node_modules/is-shared-array-buffer/package.json,已安装依赖，含开发依赖；分发范围需结合锁文件和安装包确认
is-shared-array-buffer,1.0.2,MIT,node_modules/array-includes/node_modules/is-shared-array-buffer/package.json,已安装依赖，含开发依赖；分发范围需结合锁文件和安装包确认
is-shared-array-buffer,1.0.2,MIT,node_modules/array.prototype.flatmap/node_modules/is-shared-array-buffer/package.json,已安装依赖，含开发依赖；分发范围需结合锁文件和安装包确认
is-shared-array-buffer,1.0.2,MIT,node_modules/object.hasown/node_modules/is-shared-array-buffer/package.json,已安装依赖，含开发依赖；分发范围需结合锁文件和安装包确认
is-shared-array-buffer,1.0.2,MIT,node_modules/string.prototype.matchall/node_modules/is-shared-array-buffer/package.json,已安装依赖，含开发依赖；分发范围需结合锁文件和安装包确认
is-stream,1.1.0,MIT,node_modules/is-stream/package.json,已安装依赖，含开发依赖；分发范围需结合锁文件和安装包确认
is-stream,3.0.0,MIT,node_modules/execa/node_modules/is-stream/package.json,已安装依赖，含开发依赖；分发范围需结合锁文件和安装包确认
is-string,1.0.5,MIT,node_modules/jsx-ast-utils/node_modules/is-string/package.json,已安装依赖，含开发依赖；分发范围需结合锁文件和安装包确认
is-string,1.0.5,MIT,node_modules/which-boxed-primitive/node_modules/is-string/package.json,已安装依赖，含开发依赖；分发范围需结合锁文件和安装包确认
is-string,1.0.7,MIT,node_modules/is-string/package.json,已安装依赖，含开发依赖；分发范围需结合锁文件和安装包确认
is-supported-regexp-flag,1.0.1,MIT,node_modules/is-supported-regexp-flag/package.json,已安装依赖，含开发依赖；分发范围需结合锁文件和安装包确认
is-symbol,1.0.3,MIT,node_modules/is-symbol/package.json,已安装依赖，含开发依赖；分发范围需结合锁文件和安装包确认
is-symbol,1.0.4,MIT,node_modules/which-boxed-primitive/node_modules/is-symbol/package.json,已安装依赖，含开发依赖；分发范围需结合锁文件和安装包确认
is-typed-array,1.1.3,MIT,node_modules/is-typed-array/package.json,已安装依赖，含开发依赖；分发范围需结合锁文件和安装包确认
is-typedarray,1.0.0,MIT,node_modules/is-typedarray/package.json,已安装依赖，含开发依赖；分发范围需结合锁文件和安装包确认
is-utf8,0.2.1,MIT,node_modules/is-utf8/package.json,已安装依赖，含开发依赖；分发范围需结合锁文件和安装包确认
is-weakref,1.0.2,MIT,node_modules/is-weakref/package.json,已安装依赖，含开发依赖；分发范围需结合锁文件和安装包确认
is-what,3.11.2,MIT,node_modules/is-what/package.json,已安装依赖，含开发依赖；分发范围需结合锁文件和安装包确认
is-whitespace-character,1.0.4,MIT,node_modules/is-whitespace-character/package.json,已安装依赖，含开发依赖；分发范围需结合锁文件和安装包确认
is-windows,1.0.2,MIT,node_modules/is-windows/package.json,已安装依赖，含开发依赖；分发范围需结合锁文件和安装包确认
is-word-character,1.0.4,MIT,node_modules/is-word-character/package.json,已安装依赖，含开发依赖；分发范围需结合锁文件和安装包确认
is-wsl,1.1.0,MIT,node_modules/is-wsl/package.json,已安装依赖，含开发依赖；分发范围需结合锁文件和安装包确认
is-yarn-global,0.3.0,MIT,node_modules/is-yarn-global/package.json,已安装依赖，含开发依赖；分发范围需结合锁文件和安装包确认
isarray,0.0.1,MIT,node_modules/isarray/package.json,已安装依赖，含开发依赖；分发范围需结合锁文件和安装包确认
isarray,1.0.0,MIT,node_modules/expand-range/node_modules/isarray/package.json,已安装依赖，含开发依赖；分发范围需结合锁文件和安装包确认
isarray,1.0.0,MIT,node_modules/readable-stream/node_modules/isarray/package.json,已安装依赖，含开发依赖；分发范围需结合锁文件和安装包确认
isarray,1.0.0,MIT,node_modules/unset-value/node_modules/isarray/package.json,已安装依赖，含开发依赖；分发范围需结合锁文件和安装包确认
isbinaryfile,3.0.3,MIT,node_modules/electron-osx-sign/node_modules/isbinaryfile/package.json,已安装依赖，含开发依赖；分发范围需结合锁文件和安装包确认
isbinaryfile,4.0.10,MIT,node_modules/isbinaryfile/package.json,已安装依赖，含开发依赖；分发范围需结合锁文件和安装包确认
isexe,2.0.0,ISC,node_modules/isexe/package.json,已安装依赖，含开发依赖；分发范围需结合锁文件和安装包确认
isobject,2.1.0,MIT,node_modules/expand-range/node_modules/isobject/package.json,已安装依赖，含开发依赖；分发范围需结合锁文件和安装包确认
isobject,2.1.0,MIT,node_modules/unset-value/node_modules/has-value/node_modules/isobject/package.json,已安装依赖，含开发依赖；分发范围需结合锁文件和安装包确认
isobject,3.0.1,MIT,node_modules/isobject/package.json,已安装依赖，含开发依赖；分发范围需结合锁文件和安装包确认
isstream,0.1.2,MIT,node_modules/isstream/package.json,已安装依赖，含开发依赖；分发范围需结合锁文件和安装包确认
jake,10.8.5,Apache-2.0,node_modules/jake/package.json,已安装依赖，含开发依赖；分发范围需结合锁文件和安装包确认
jest-worker,27.5.1,MIT,node_modules/jest-worker/package.json,已安装依赖，含开发依赖；分发范围需结合锁文件和安装包确认
js-base64,2.6.4,BSD-3-Clause,node_modules/js-base64/package.json,已安装依赖，含开发依赖；分发范围需结合锁文件和安装包确认
js-sdsl,4.1.5,MIT,node_modules/js-sdsl/package.json,已安装依赖，含开发依赖；分发范围需结合锁文件和安装包确认
js-tokens,4.0.0,MIT,node_modules/js-tokens/package.json,已安装依赖，含开发依赖；分发范围需结合锁文件和安装包确认
js-yaml,3.14.1,MIT,node_modules/cosmiconfig/node_modules/js-yaml/package.json,已安装依赖，含开发依赖；分发范围需结合锁文件和安装包确认
js-yaml,4.1.0,MIT,node_modules/js-yaml/package.json,已安装依赖，含开发依赖；分发范围需结合锁文件和安装包确认
jsbn,0.1.1,MIT,node_modules/jsbn/package.json,已安装依赖，含开发依赖；分发范围需结合锁文件和安装包确认
jsdoc-type-pratt-parser,3.1.0,MIT,node_modules/jsdoc-type-pratt-parser/package.json,已安装依赖，含开发依赖；分发范围需结合锁文件和安装包确认
jsesc,0.5.0,"[{""type"": ""MIT"", ""url"": ""http://mths.be/mit""}]",node_modules/jsesc/package.json,已安装依赖，含开发依赖；分发范围需结合锁文件和安装包确认
jsesc,2.5.2,MIT,node_modules/@babel/generator/node_modules/jsesc/package.json,已安装依赖，含开发依赖；分发范围需结合锁文件和安装包确认
jsesc,2.5.2,MIT,node_modules/babel-eslint/node_modules/jsesc/package.json,已安装依赖，含开发依赖；分发范围需结合锁文件和安装包确认
jsesc,2.5.2,MIT,node_modules/styled-components/node_modules/jsesc/package.json,已安装依赖，含开发依赖；分发范围需结合锁文件和安装包确认
json-buffer,3.0.0,MIT,node_modules/json-buffer/package.json,已安装依赖，含开发依赖；分发范围需结合锁文件和安装包确认
json-parse-better-errors,1.0.2,MIT,node_modules/json-parse-better-errors/package.json,已安装依赖，含开发依赖；分发范围需结合锁文件和安装包确认
json-parse-even-better-errors,2.3.1,MIT,node_modules/json-parse-even-better-errors/package.json,已安装依赖，含开发依赖；分发范围需结合锁文件和安装包确认
json-schema,0.2.3,"[{""type"": ""AFLv2.1"", ""url"": ""http://trac.dojotoolkit.org/browser/dojo/trunk/LICENSE#L43""}, {""type"": ""BSD"", ""url"": ""http://trac.dojotoolkit.org/browser/dojo/trunk/LICENSE#L13""}]",node_modules/json-schema/package.json,已安装依赖，含开发依赖；分发范围需结合锁文件和安装包确认
json-schema-traverse,0.4.1,MIT,node_modules/json-schema-traverse/package.json,已安装依赖，含开发依赖；分发范围需结合锁文件和安装包确认
json-schema-traverse,1.0.0,MIT,node_modules/mini-css-extract-plugin/node_modules/json-schema-traverse/package.json,已安装依赖，含开发依赖；分发范围需结合锁文件和安装包确认
json-schema-traverse,1.0.0,MIT,node_modules/table/node_modules/json-schema-traverse/package.json,已安装依赖，含开发依赖；分发范围需结合锁文件和安装包确认
json-stable-stringify-without-jsonify,1.0.1,MIT,node_modules/json-stable-stringify-without-jsonify/package.json,已安装依赖，含开发依赖；分发范围需结合锁文件和安装包确认
json-stringify-safe,5.0.1,ISC,node_modules/json-stringify-safe/package.json,已安装依赖，含开发依赖；分发范围需结合锁文件和安装包确认
json5,1.0.1,MIT,node_modules/json5/package.json,已安装依赖，含开发依赖；分发范围需结合锁文件和安装包确认
json5,2.1.3,MIT,node_modules/loader-utils/node_modules/json5/package.json,已安装依赖，含开发依赖；分发范围需结合锁文件和安装包确认
json5,2.2.0,MIT,node_modules/read-config-file/node_modules/json5/package.json,已安装依赖，含开发依赖；分发范围需结合锁文件和安装包确认
json5,2.2.1,MIT,node_modules/@babel/core/node_modules/json5/package.json,已安装依赖，含开发依赖；分发范围需结合锁文件和安装包确认
jsonfile,4.0.0,MIT,node_modules/@electron/get/node_modules/jsonfile/package.json,已安装依赖，含开发依赖；分发范围需结合锁文件和安装包确认
jsonfile,4.0.0,MIT,node_modules/electron-download/node_modules/jsonfile/package.json,已安装依赖，含开发依赖；分发范围需结合锁文件和安装包确认
jsonfile,6.1.0,MIT,node_modules/jsonfile/package.json,已安装依赖，含开发依赖；分发范围需结合锁文件和安装包确认
jsprim,1.4.1,MIT,node_modules/jsprim/package.json,已安装依赖，含开发依赖；分发范围需结合锁文件和安装包确认
jss,10.4.0,MIT,node_modules/jss/package.json,已安装依赖，含开发依赖；分发范围需结合锁文件和安装包确认
jss-plugin-camel-case,10.4.0,MIT,node_modules/jss-plugin-camel-case/package.json,已安装依赖，含开发依赖；分发范围需结合锁文件和安装包确认
jss-plugin-default-unit,10.4.0,MIT,node_modules/jss-plugin-default-unit/package.json,已安装依赖，含开发依赖；分发范围需结合锁文件和安装包确认
jss-plugin-global,10.4.0,MIT,node_modules/jss-plugin-global/package.json,已安装依赖，含开发依赖；分发范围需结合锁文件和安装包确认
jss-plugin-nested,10.4.0,MIT,node_modules/jss-plugin-nested/package.json,已安装依赖，含开发依赖；分发范围需结合锁文件和安装包确认
jss-plugin-props-sort,10.4.0,MIT,node_modules/jss-plugin-props-sort/package.json,已安装依赖，含开发依赖；分发范围需结合锁文件和安装包确认
jss-plugin-rule-value-function,10.4.0,MIT,node_modules/jss-plugin-rule-value-function/package.json,已安装依赖，含开发依赖；分发范围需结合锁文件和安装包确认
jss-plugin-vendor-prefixer,10.4.0,MIT,node_modules/jss-plugin-vendor-prefixer/package.json,已安装依赖，含开发依赖；分发范围需结合锁文件和安装包确认
jsx-ast-utils,3.1.0,MIT,node_modules/jsx-ast-utils/package.json,已安装依赖，含开发依赖；分发范围需结合锁文件和安装包确认
jsx-ast-utils,3.3.3,MIT,node_modules/eslint-plugin-jsx-a11y/node_modules/jsx-ast-utils/package.json,已安装依赖，含开发依赖；分发范围需结合锁文件和安装包确认
jszip,3.10.1,(MIT OR GPL-3.0-or-later),node_modules/jszip/package.json,已安装依赖，含开发依赖；分发范围需结合锁文件和安装包确认
junk,3.1.0,MIT,node_modules/junk/package.json,已安装依赖，含开发依赖；分发范围需结合锁文件和安装包确认
keyboardevent-from-electron-accelerator,2.0.0,MIT,node_modules/keyboardevent-from-electron-accelerator/package.json,已安装依赖，含开发依赖；分发范围需结合锁文件和安装包确认
keyboardevents-areequal,0.2.2,MIT,node_modules/keyboardevents-areequal/package.json,已安装依赖，含开发依赖；分发范围需结合锁文件和安装包确认
keyv,3.1.0,MIT,node_modules/keyv/package.json,已安装依赖，含开发依赖；分发范围需结合锁文件和安装包确认
killable,1.0.1,ISC,node_modules/killable/package.json,已安装依赖，含开发依赖；分发范围需结合锁文件和安装包确认
kind-of,3.2.2,MIT,node_modules/define-property/node_modules/is-accessor-descriptor/node_modules/kind-of/package.json,已安装依赖，含开发依赖；分发范围需结合锁文件和安装包确认
kind-of,3.2.2,MIT,node_modules/define-property/node_modules/is-data-descriptor/node_modules/kind-of/package.json,已安装依赖，含开发依赖；分发范围需结合锁文件和安装包确认
kind-of,3.2.2,MIT,node_modules/expand-range/node_modules/kind-of/package.json,已安装依赖，含开发依赖；分发范围需结合锁文件和安装包确认
kind-of,3.2.2,MIT,node_modules/is-number/node_modules/kind-of/package.json,已安装依赖，含开发依赖；分发范围需结合锁文件和安装包确认
kind-of,3.2.2,MIT,node_modules/object-copy/node_modules/kind-of/package.json,已安装依赖，含开发依赖；分发范围需结合锁文件和安装包确认
kind-of,3.2.2,MIT,node_modules/prettier-stylelint/node_modules/kind-of/package.json,已安装依赖，含开发依赖；分发范围需结合锁文件和安装包确认
kind-of,3.2.2,MIT,node_modules/snapdragon-util/node_modules/kind-of/package.json,已安装依赖，含开发依赖；分发范围需结合锁文件和安装包确认
kind-of,3.2.2,MIT,node_modules/to-object-path/node_modules/kind-of/package.json,已安装依赖，含开发依赖；分发范围需结合锁文件和安装包确认
kind-of,4.0.0,MIT,node_modules/has-values/node_modules/kind-of/package.json,已安装依赖，含开发依赖；分发范围需结合锁文件和安装包确认
kind-of,5.1.0,MIT,node_modules/define-property/node_modules/kind-of/package.json,已安装依赖，含开发依赖；分发范围需结合锁文件和安装包确认
kind-of,6.0.3,MIT,node_modules/kind-of/package.json,已安装依赖，含开发依赖；分发范围需结合锁文件和安装包确认
klona,2.0.5,MIT,node_modules/klona/package.json,已安装依赖，含开发依赖；分发范围需结合锁文件和安装包确认
known-css-properties,0.26.0,MIT,node_modules/known-css-properties/package.json,已安装依赖，含开发依赖；分发范围需结合锁文件和安装包确认
known-css-properties,0.5.0,MIT,node_modules/prettier-stylelint/node_modules/known-css-properties/package.json,已安装依赖，含开发依赖；分发范围需结合锁文件和安装包确认
koffi,2.8.7,MIT,node_modules/koffi/package.json,已安装依赖，含开发依赖；分发范围需结合锁文件和安装包确认
language-subtag-registry,0.3.21,ODC-By-1.0,node_modules/language-subtag-registry/package.json,已安装依赖，含开发依赖；分发范围需结合锁文件和安装包确认
language-tags,1.0.5,MIT,node_modules/language-tags/package.json,已安装依赖，含开发依赖；分发范围需结合锁文件和安装包确认
last-call-webpack-plugin,3.0.0,MIT,node_modules/last-call-webpack-plugin/package.json,已安装依赖，含开发依赖；分发范围需结合锁文件和安装包确认
latest-version,3.1.0,MIT,node_modules/latest-version/package.json,已安装依赖，含开发依赖；分发范围需结合锁文件和安装包确认
latest-version,5.1.0,MIT,node_modules/electron-builder/node_modules/latest-version/package.json,已安装依赖，含开发依赖；分发范围需结合锁文件和安装包确认
lazy-val,1.0.4,MIT,node_modules/read-config-file/node_modules/lazy-val/package.json,已安装依赖，含开发依赖；分发范围需结合锁文件和安装包确认
lazy-val,1.0.5,MIT,node_modules/lazy-val/package.json,已安装依赖，含开发依赖；分发范围需结合锁文件和安装包确认
levn,0.4.1,MIT,node_modules/levn/package.json,已安装依赖，含开发依赖；分发范围需结合锁文件和安装包确认
lie,3.3.0,MIT,node_modules/lie/package.json,已安装依赖，含开发依赖；分发范围需结合锁文件和安装包确认
lilconfig,2.0.4,MIT,node_modules/optimize-css-assets-webpack-plugin/node_modules/lilconfig/package.json,已安装依赖，含开发依赖；分发范围需结合锁文件和安装包确认
lilconfig,2.0.5,MIT,node_modules/lilconfig/package.json,已安装依赖，含开发依赖；分发范围需结合锁文件和安装包确认
lines-and-columns,1.1.6,MIT,node_modules/lines-and-columns/package.json,已安装依赖，含开发依赖；分发范围需结合锁文件和安装包确认
lint-staged,13.0.3,MIT,node_modules/lint-staged/package.json,已安装依赖，含开发依赖；分发范围需结合锁文件和安装包确认
listr2,4.0.5,MIT,node_modules/listr2/package.json,已安装依赖，含开发依赖；分发范围需结合锁文件和安装包确认
load-json-file,1.1.0,MIT,node_modules/load-json-file/package.json,已安装依赖，含开发依赖；分发范围需结合锁文件和安装包确认
load-json-file,4.0.0,MIT,node_modules/prettier-stylelint/node_modules/load-json-file/package.json,已安装依赖，含开发依赖；分发范围需结合锁文件和安装包确认
loader-runner,4.3.0,MIT,node_modules/loader-runner/package.json,已安装依赖，含开发依赖；分发范围需结合锁文件和安装包确认
loader-utils,1.4.0,MIT,node_modules/react-hot-loader/node_modules/loader-utils/package.json,已安装依赖，含开发依赖；分发范围需结合锁文件和安装包确认
loader-utils,2.0.0,MIT,node_modules/loader-utils/package.json,已安装依赖，含开发依赖；分发范围需结合锁文件和安装包确认
locate-path,2.0.0,MIT,node_modules/import-local/node_modules/locate-path/package.json,已安装依赖，含开发依赖；分发范围需结合锁文件和安装包确认
locate-path,2.0.0,MIT,node_modules/prettier-stylelint/node_modules/locate-path/package.json,已安装依赖，含开发依赖；分发范围需结合锁文件和安装包确认
locate-path,3.0.0,MIT,node_modules/find-cache-dir/node_modules/locate-path/package.json,已安装依赖，含开发依赖；分发范围需结合锁文件和安装包确认
locate-path,3.0.0,MIT,node_modules/webpack-dev-server/node_modules/locate-path/package.json,已安装依赖，含开发依赖；分发范围需结合锁文件和安装包确认
locate-path,3.0.0,MIT,node_modules/yargs/node_modules/locate-path/package.json,已安装依赖，含开发依赖；分发范围需结合锁文件和安装包确认
locate-path,5.0.0,MIT,node_modules/locate-path/package.json,已安装依赖，含开发依赖；分发范围需结合锁文件和安装包确认
locate-path,6.0.0,MIT,node_modules/eslint-plugin-compat/node_modules/locate-path/package.json,已安装依赖，含开发依赖；分发范围需结合锁文件和安装包确认
locate-path,6.0.0,MIT,node_modules/eslint/node_modules/locate-path/package.json,已安装依赖，含开发依赖；分发范围需结合锁文件和安装包确认
locate-path,6.0.0,MIT,node_modules/husky/node_modules/locate-path/package.json,已安装依赖，含开发依赖；分发范围需结合锁文件和安装包确认
locate-path,7.1.0,MIT,node_modules/pkg-dir/node_modules/locate-path/package.json,已安装依赖，含开发依赖；分发范围需结合锁文件和安装包确认
lodash,4.17.20,MIT,node_modules/@babel/helper-get-function-arity/node_modules/lodash/package.json,已安装依赖，含开发依赖；分发范围需结合锁文件和安装包确认
lodash,4.17.20,MIT,node_modules/@babel/helper-regex/node_modules/lodash/package.json,已安装依赖，含开发依赖；分发范围需结合锁文件和安装包确认
lodash,4.17.20,MIT,node_modules/@babel/preset-modules/node_modules/lodash/package.json,已安装依赖，含开发依赖；分发范围需结合锁文件和安装包确认
lodash,4.17.20,MIT,node_modules/@malept/flatpak-bundler/node_modules/lodash/package.json,已安装依赖，含开发依赖；分发范围需结合锁文件和安装包确认
lodash,4.17.20,MIT,node_modules/babel-eslint/node_modules/lodash/package.json,已安装依赖，含开发依赖；分发范围需结合锁文件和安装包确认
lodash,4.17.20,MIT,node_modules/babel-plugin-styled-components/node_modules/lodash/package.json,已安装依赖，含开发依赖；分发范围需结合锁文件和安装包确认
lodash,4.17.20,MIT,node_modules/global-tunnel-ng/node_modules/lodash/package.json,已安装依赖，含开发依赖；分发范围需结合锁文件和安装包确认
lodash,4.17.20,MIT,node_modules/http-proxy-middleware/node_modules/lodash/package.json,已安装依赖，含开发依赖；分发范围需结合锁文件和安装包确认
lodash,4.17.20,MIT,node_modules/last-call-webpack-plugin/node_modules/lodash/package.json,已安装依赖，含开发依赖；分发范围需结合锁文件和安装包确认
lodash,4.17.20,MIT,node_modules/pretty-error/node_modules/lodash/package.json,已安装依赖，含开发依赖；分发范围需结合锁文件和安装包确认
lodash,4.17.20,MIT,node_modules/styled-components/node_modules/lodash/package.json,已安装依赖，含开发依赖；分发范围需结合锁文件和安装包确认
lodash,4.17.20,MIT,node_modules/webpack-bundle-analyzer/node_modules/lodash/package.json,已安装依赖，含开发依赖；分发范围需结合锁文件和安装包确认
lodash,4.17.21,MIT,node_modules/lodash/package.json,已安装依赖，含开发依赖；分发范围需结合锁文件和安装包确认
lodash.debounce,4.0.8,MIT,node_modules/lodash.debounce/package.json,已安装依赖，含开发依赖；分发范围需结合锁文件和安装包确认
lodash.escaperegexp,4.1.2,MIT,node_modules/lodash.escaperegexp/package.json,已安装依赖，含开发依赖；分发范围需结合锁文件和安装包确认
lodash.isequal,4.5.0,MIT,node_modules/lodash.isequal/package.json,已安装依赖，含开发依赖；分发范围需结合锁文件和安装包确认
lodash.memoize,4.1.2,MIT,node_modules/lodash.memoize/package.json,已安装依赖，含开发依赖；分发范围需结合锁文件和安装包确认
lodash.merge,4.6.2,MIT,node_modules/lodash.merge/package.json,已安装依赖，含开发依赖；分发范围需结合锁文件和安装包确认
lodash.truncate,4.4.2,MIT,node_modules/lodash.truncate/package.json,已安装依赖，含开发依赖；分发范围需结合锁文件和安装包确认
lodash.uniq,4.5.0,MIT,node_modules/lodash.uniq/package.json,已安装依赖，含开发依赖；分发范围需结合锁文件和安装包确认
log-symbols,2.2.0,MIT,node_modules/log-symbols/package.json,已安装依赖，含开发依赖；分发范围需结合锁文件和安装包确认
log-symbols,4.0.0,MIT,node_modules/eslint-formatter-pretty/node_modules/log-symbols/package.json,已安装依赖，含开发依赖；分发范围需结合锁文件和安装包确认
log-update,4.0.0,MIT,node_modules/log-update/package.json,已安装依赖，含开发依赖；分发范围需结合锁文件和安装包确认
loglevel,1.8.1,MIT,node_modules/loglevel/package.json,已安装依赖，含开发依赖；分发范围需结合锁文件和安装包确认
longest-streak,2.0.4,MIT,node_modules/longest-streak/package.json,已安装依赖，含开发依赖；分发范围需结合锁文件和安装包确认
loose-envify,1.4.0,MIT,node_modules/loose-envify/package.json,已安装依赖，含开发依赖；分发范围需结合锁文件和安装包确认
loud-rejection,1.6.0,MIT,node_modules/loud-rejection/package.json,已安装依赖，含开发依赖；分发范围需结合锁文件和安装包确认
lower-case,2.0.2,MIT,node_modules/lower-case/package.json,已安装依赖，含开发依赖；分发范围需结合锁文件和安装包确认
lowercase-keys,1.0.1,MIT,node_modules/lowercase-keys/package.json,已安装依赖，含开发依赖；分发范围需结合锁文件和安装包确认
lowercase-keys,2.0.0,MIT,node_modules/cacheable-request/node_modules/lowercase-keys/package.json,已安装依赖，含开发依赖；分发范围需结合锁文件和安装包确认
lru-cache,4.1.5,ISC,node_modules/term-size/node_modules/lru-cache/package.json,已安装依赖，含开发依赖；分发范围需结合锁文件和安装包确认
lru-cache,6.0.0,ISC,node_modules/lru-cache/package.json,已安装依赖，含开发依赖；分发范围需结合锁文件和安装包确认
lru_map,0.3.3,MIT,node_modules/lru_map/package.json,已安装依赖，含开发依赖；分发范围需结合锁文件和安装包确认
macos-version,5.2.1,MIT,node_modules/macos-version/package.json,已安装依赖，含开发依赖；分发范围需结合锁文件和安装包确认
make-dir,1.3.0,MIT,node_modules/configstore/node_modules/make-dir/package.json,已安装依赖，含开发依赖；分发范围需结合锁文件和安装包确认
make-dir,1.3.0,MIT,node_modules/temp-write/node_modules/make-dir/package.json,已安装依赖，含开发依赖；分发范围需结合锁文件和安装包确认
make-dir,2.1.0,MIT,node_modules/@babel/register/node_modules/make-dir/package.json,已安装依赖，含开发依赖；分发范围需结合锁文件和安装包确认
make-dir,2.1.0,MIT,node_modules/find-cache-dir/node_modules/make-dir/package.json,已安装依赖，含开发依赖；分发范围需结合锁文件和安装包确认
make-dir,3.1.0,MIT,node_modules/make-dir/package.json,已安装依赖，含开发依赖；分发范围需结合锁文件和安装包确认
map-cache,0.2.2,MIT,node_modules/map-cache/package.json,已安装依赖，含开发依赖；分发范围需结合锁文件和安装包确认
map-obj,1.0.1,MIT,node_modules/map-obj/package.json,已安装依赖，含开发依赖；分发范围需结合锁文件和安装包确认
map-obj,2.0.0,MIT,node_modules/prettier-stylelint/node_modules/camelcase-keys/node_modules/map-obj/package.json,已安装依赖，含开发依赖；分发范围需结合锁文件和安装包确认
map-obj,4.1.0,MIT,node_modules/stylelint/node_modules/map-obj/package.json,已安装依赖，含开发依赖；分发范围需结合锁文件和安装包确认
map-stream,0.1.0,未声明,node_modules/map-stream/package.json,已安装依赖，含开发依赖；分发范围需结合锁文件和安装包确认
map-visit,1.0.0,MIT,node_modules/map-visit/package.json,已安装依赖，含开发依赖；分发范围需结合锁文件和安装包确认
markdown-escapes,1.0.4,MIT,node_modules/markdown-escapes/package.json,已安装依赖，含开发依赖；分发范围需结合锁文件和安装包确认
markdown-table,1.1.3,MIT,node_modules/markdown-table/package.json,已安装依赖，含开发依赖；分发范围需结合锁文件和安装包确认
matcher,3.0.0,MIT,node_modules/matcher/package.json,已安装依赖，含开发依赖；分发范围需结合锁文件和安装包确认
math-random,1.0.4,MIT,node_modules/math-random/package.json,已安装依赖，含开发依赖；分发范围需结合锁文件和安装包确认
mathml-tag-names,2.1.3,MIT,node_modules/mathml-tag-names/package.json,已安装依赖，含开发依赖；分发范围需结合锁文件和安装包确认
mdast-util-compact,1.0.4,MIT,node_modules/mdast-util-compact/package.json,已安装依赖，含开发依赖；分发范围需结合锁文件和安装包确认
mdn-data,2.0.14,CC0-1.0,node_modules/mdn-data/package.json,已安装依赖，含开发依赖；分发范围需结合锁文件和安装包确认
media-typer,0.3.0,MIT,node_modules/media-typer/package.json,已安装依赖，含开发依赖；分发范围需结合锁文件和安装包确认
memoize-one,5.1.1,MIT,node_modules/memoize-one/package.json,已安装依赖，含开发依赖；分发范围需结合锁文件和安装包确认
memory-fs,0.2.0,MIT,node_modules/memory-fs/package.json,已安装依赖，含开发依赖；分发范围需结合锁文件和安装包确认
memory-fs,0.4.1,MIT,node_modules/webpack-dev-middleware/node_modules/memory-fs/package.json,已安装依赖，含开发依赖；分发范围需结合锁文件和安装包确认
meow,3.7.0,MIT,node_modules/meow/package.json,已安装依赖，含开发依赖；分发范围需结合锁文件和安装包确认
meow,4.0.1,MIT,node_modules/prettier-stylelint/node_modules/stylelint/node_modules/meow/package.json,已安装依赖，含开发依赖；分发范围需结合锁文件和安装包确认
meow,9.0.0,MIT,node_modules/stylelint/node_modules/meow/package.json,已安装依赖，含开发依赖；分发范围需结合锁文件和安装包确认
merge-anything,2.4.4,MIT,node_modules/merge-anything/package.json,已安装依赖，含开发依赖；分发范围需结合锁文件和安装包确认
merge-descriptors,1.0.1,MIT,node_modules/merge-descriptors/package.json,已安装依赖，含开发依赖；分发范围需结合锁文件和安装包确认
merge-stream,2.0.0,MIT,node_modules/merge-stream/package.json,已安装依赖，含开发依赖；分发范围需结合锁文件和安装包确认
merge2,1.4.1,MIT,node_modules/merge2/package.json,已安装依赖，含开发依赖；分发范围需结合锁文件和安装包确认
methods,1.1.2,MIT,node_modules/methods/package.json,已安装依赖，含开发依赖；分发范围需结合锁文件和安装包确认
micromatch,2.3.11,MIT,node_modules/prettier-stylelint/node_modules/micromatch/package.json,已安装依赖，含开发依赖；分发范围需结合锁文件和安装包确认
micromatch,3.1.10,MIT,node_modules/micromatch/package.json,已安装依赖，含开发依赖；分发范围需结合锁文件和安装包确认
micromatch,4.0.4,MIT,node_modules/fast-glob/node_modules/micromatch/package.json,已安装依赖，含开发依赖；分发范围需结合锁文件和安装包确认
micromatch,4.0.4,MIT,node_modules/stylelint/node_modules/fast-glob/node_modules/micromatch/package.json,已安装依赖，含开发依赖；分发范围需结合锁文件和安装包确认
micromatch,4.0.4,MIT,node_modules/stylelint/node_modules/globby/node_modules/micromatch/package.json,已安装依赖，含开发依赖；分发范围需结合锁文件和安装包确认
micromatch,4.0.5,MIT,node_modules/lint-staged/node_modules/micromatch/package.json,已安装依赖，含开发依赖；分发范围需结合锁文件和安装包确认
micromatch,4.0.5,MIT,node_modules/stylelint/node_modules/micromatch/package.json,已安装依赖，含开发依赖；分发范围需结合锁文件和安装包确认
milligram,1.4.1,MIT,node_modules/milligram/package.json,已安装依赖，含开发依赖；分发范围需结合锁文件和安装包确认
mime,1.6.0,MIT,node_modules/send/node_modules/mime/package.json,已安装依赖，含开发依赖；分发范围需结合锁文件和安装包确认
mime,2.6.0,MIT,node_modules/mime/package.json,已安装依赖，含开发依赖；分发范围需结合锁文件和安装包确认
mime-db,1.44.0,MIT,node_modules/mime-types/node_modules/mime-db/package.json,已安装依赖，含开发依赖；分发范围需结合锁文件和安装包确认
mime-db,1.52.0,MIT,node_modules/mime-db/package.json,已安装依赖，含开发依赖；分发范围需结合锁文件和安装包确认
mime-types,2.1.27,MIT,node_modules/mime-types/package.json,已安装依赖，含开发依赖；分发范围需结合锁文件和安装包确认
mime-types,2.1.35,MIT,node_modules/accepts/node_modules/mime-types/package.json,已安装依赖，含开发依赖；分发范围需结合锁文件和安装包确认
mime-types,2.1.35,MIT,node_modules/serve-index/node_modules/mime-types/package.json,已安装依赖，含开发依赖；分发范围需结合锁文件和安装包确认
mimic-fn,2.1.0,MIT,node_modules/restore-cursor/node_modules/mimic-fn/package.json,已安装依赖，含开发依赖；分发范围需结合锁文件和安装包确认
mimic-fn,4.0.0,MIT,node_modules/mimic-fn/package.json,已安装依赖，含开发依赖；分发范围需结合锁文件和安装包确认
mimic-response,1.0.1,MIT,node_modules/mimic-response/package.json,已安装依赖，含开发依赖；分发范围需结合锁文件和安装包确认
mimic-response,3.1.0,MIT,node_modules/simple-get/node_modules/mimic-response/package.json,已安装依赖，含开发依赖；分发范围需结合锁文件和安装包确认
min-document,2.19.0,"[{""type"": ""MIT"", ""url"": ""http://github.com/Raynos/min-document/raw/master/LICENSE""}]",node_modules/min-document/package.json,已安装依赖，含开发依赖；分发范围需结合锁文件和安装包确认
min-indent,1.0.1,MIT,node_modules/min-indent/package.json,已安装依赖，含开发依赖；分发范围需结合锁文件和安装包确认
mini-create-react-context,0.4.1,MIT,node_modules/react-router/node_modules/mini-create-react-context/package.json,已安装依赖，含开发依赖；分发范围需结合锁文件和安装包确认
mini-css-extract-plugin,2.6.1,MIT,node_modules/mini-css-extract-plugin/package.json,已安装依赖，含开发依赖；分发范围需结合锁文件和安装包确认
minimalistic-assert,1.0.1,ISC,node_modules/minimalistic-assert/package.json,已安装依赖，含开发依赖；分发范围需结合锁文件和安装包确认
minimatch,3.0.4,ISC,node_modules/minimatch/package.json,已安装依赖，含开发依赖；分发范围需结合锁文件和安装包确认
minimatch,3.0.4,ISC,node_modules/prettier-stylelint/node_modules/rimraf/node_modules/minimatch/package.json,已安装依赖，含开发依赖；分发范围需结合锁文件和安装包确认
minimatch,3.1.2,ISC,node_modules/@eslint/eslintrc/node_modules/minimatch/package.json,已安装依赖，含开发依赖；分发范围需结合锁文件和安装包确认
minimatch,3.1.2,ISC,node_modules/@humanwhocodes/config-array/node_modules/minimatch/package.json,已安装依赖，含开发依赖；分发范围需结合锁文件和安装包确认
minimatch,3.1.2,ISC,node_modules/app-builder-lib/node_modules/minimatch/package.json,已安装依赖，含开发依赖；分发范围需结合锁文件和安装包确认
minimatch,3.1.2,ISC,node_modules/eslint-plugin-import/node_modules/minimatch/package.json,已安装依赖，含开发依赖；分发范围需结合锁文件和安装包确认
minimatch,3.1.2,ISC,node_modules/eslint-plugin-jsx-a11y/node_modules/minimatch/package.json,已安装依赖，含开发依赖；分发范围需结合锁文件和安装包确认
minimatch,3.1.2,ISC,node_modules/eslint-plugin-react/node_modules/minimatch/package.json,已安装依赖，含开发依赖；分发范围需结合锁文件和安装包确认
minimatch,3.1.2,ISC,node_modules/eslint/node_modules/minimatch/package.json,已安装依赖，含开发依赖；分发范围需结合锁文件和安装包确认
minimatch,3.1.2,ISC,node_modules/prettier-stylelint/node_modules/minimatch/package.json,已安装依赖，含开发依赖；分发范围需结合锁文件和安装包确认
minimist,1.2.7,MIT,node_modules/minimist/package.json,已安装依赖，含开发依赖；分发范围需结合锁文件和安装包确认
minimist-options,3.0.2,MIT,node_modules/prettier-stylelint/node_modules/minimist-options/package.json,已安装依赖，含开发依赖；分发范围需结合锁文件和安装包确认
minimist-options,4.1.0,MIT,node_modules/minimist-options/package.json,已安装依赖，含开发依赖；分发范围需结合锁文件和安装包确认
minipass,3.1.6,ISC,node_modules/minipass/package.json,已安装依赖，含开发依赖；分发范围需结合锁文件和安装包确认
minizlib,2.1.2,MIT,node_modules/minizlib/package.json,已安装依赖，含开发依赖；分发范围需结合锁文件和安装包确认
mixin-deep,1.3.2,MIT,node_modules/mixin-deep/package.json,已安装依赖，含开发依赖；分发范围需结合锁文件和安装包确认
mixpanel-browser,2.43.0,Apache-2.0,node_modules/mixpanel-browser/package.json,已安装依赖，含开发依赖；分发范围需结合锁文件和安装包确认
mkdirp,0.5.5,MIT,node_modules/@sentry/webpack-plugin/node_modules/mkdirp/package.json,已安装依赖，含开发依赖；分发范围需结合锁文件和安装包确认
mkdirp,0.5.5,MIT,node_modules/unzip-crx-3/node_modules/mkdirp/package.json,已安装依赖，含开发依赖；分发范围需结合锁文件和安装包确认
mkdirp,0.5.5,MIT,node_modules/webpack-bundle-analyzer/node_modules/mkdirp/package.json,已安装依赖，含开发依赖；分发范围需结合锁文件和安装包确认
mkdirp,0.5.5,MIT,node_modules/webpack-dev-middleware/node_modules/mkdirp/package.json,已安装依赖，含开发依赖；分发范围需结合锁文件和安装包确认
mkdirp,0.5.5,MIT,node_modules/write/node_modules/mkdirp/package.json,已安装依赖，含开发依赖；分发范围需结合锁文件和安装包确认
mkdirp,0.5.6,MIT,node_modules/extract-zip/node_modules/mkdirp/package.json,已安装依赖，含开发依赖；分发范围需结合锁文件和安装包确认
mkdirp,0.5.6,MIT,node_modules/portfinder/node_modules/mkdirp/package.json,已安装依赖，含开发依赖；分发范围需结合锁文件和安装包确认
mkdirp,1.0.4,MIT,node_modules/mkdirp/package.json,已安装依赖，含开发依赖；分发范围需结合锁文件和安装包确认
mkdirp-classic,0.5.3,MIT,node_modules/mkdirp-classic/package.json,已安装依赖，含开发依赖；分发范围需结合锁文件和安装包确认
ms,2.0.0,MIT,node_modules/debug/node_modules/ms/package.json,已安装依赖，含开发依赖；分发范围需结合锁文件和安装包确认
ms,2.1.2,MIT,node_modules/ms/package.json,已安装依赖，含开发依赖；分发范围需结合锁文件和安装包确认
ms,2.1.3,MIT,node_modules/send/node_modules/ms/package.json,已安装依赖，含开发依赖；分发范围需结合锁文件和安装包确认
multicast-dns,6.2.3,MIT,node_modules/multicast-dns/package.json,已安装依赖，含开发依赖；分发范围需结合锁文件和安装包确认
multicast-dns-service-types,1.1.0,MIT,node_modules/multicast-dns-service-types/package.json,已安装依赖，含开发依赖；分发范围需结合锁文件和安装包确认
nan,2.17.0,MIT,node_modules/nan/package.json,已安装依赖，含开发依赖；分发范围需结合锁文件和安装包确认
nanoid,3.2.0,MIT,node_modules/css-loader/node_modules/nanoid/package.json,已安装依赖，含开发依赖；分发范围需结合锁文件和安装包确认
nanoid,3.2.0,MIT,node_modules/optimize-css-assets-webpack-plugin/node_modules/nanoid/package.json,已安装依赖，含开发依赖；分发范围需结合锁文件和安装包确认
nanoid,3.2.0,MIT,node_modules/sanitize-html/node_modules/nanoid/package.json,已安装依赖，含开发依赖；分发范围需结合锁文件和安装包确认
nanoid,3.3.4,MIT,node_modules/stylelint/node_modules/nanoid/package.json,已安装依赖，含开发依赖；分发范围需结合锁文件和安装包确认
nanoid,3.3.7,MIT,node_modules/nanoid/package.json,已安装依赖，含开发依赖；分发范围需结合锁文件和安装包确认
nanomatch,1.2.13,MIT,node_modules/nanomatch/package.json,已安装依赖，含开发依赖；分发范围需结合锁文件和安装包确认
napi-build-utils,1.0.2,MIT,node_modules/napi-build-utils/package.json,已安装依赖，含开发依赖；分发范围需结合锁文件和安装包确认
natural-compare,1.4.0,MIT,node_modules/natural-compare/package.json,已安装依赖，含开发依赖；分发范围需结合锁文件和安装包确认
negotiator,0.6.3,MIT,node_modules/negotiator/package.json,已安装依赖，含开发依赖；分发范围需结合锁文件和安装包确认
neo-async,2.6.2,MIT,node_modules/neo-async/package.json,已安装依赖，含开发依赖；分发范围需结合锁文件和安装包确认
nice-try,1.0.5,MIT,node_modules/nice-try/package.json,已安装依赖，含开发依赖；分发范围需结合锁文件和安装包确认
nice-utils,1.0.3,MIT,node_modules/nice-utils/package.json,已安装依赖，含开发依赖；分发范围需结合锁文件和安装包确认
no-case,3.0.4,MIT,node_modules/no-case/package.json,已安装依赖，含开发依赖；分发范围需结合锁文件和安装包确认
node-abi,3.24.0,MIT,node_modules/node-abi/package.json,已安装依赖，含开发依赖；分发范围需结合锁文件和安装包确认
node-addon-api,1.7.2,MIT,node_modules/iconv-corefoundation/node_modules/node-addon-api/package.json,已安装依赖，含开发依赖；分发范围需结合锁文件和安装包确认
node-addon-api,3.2.1,MIT,node_modules/node-addon-api/package.json,已安装依赖，含开发依赖；分发范围需结合锁文件和安装包确认
node-domexception,1.0.0,MIT,node_modules/node-domexception/package.json,已安装依赖，含开发依赖；分发范围需结合锁文件和安装包确认
node-fetch,2.6.7,MIT,node_modules/node-fetch/package.json,已安装依赖，含开发依赖；分发范围需结合锁文件和安装包确认
node-fetch,3.3.0,MIT,node_modules/zx/node_modules/node-fetch/package.json,已安装依赖，含开发依赖；分发范围需结合锁文件和安装包确认
node-forge,0.10.0,(BSD-3-Clause OR GPL-2.0),node_modules/node-forge/package.json,已安装依赖，含开发依赖；分发范围需结合锁文件和安装包确认
node-mac-permissions,2.2.1,MIT,node_modules/node-mac-permissions/package.json,已安装依赖，含开发依赖；分发范围需结合锁文件和安装包确认
node-machine-id,1.1.12,MIT,node_modules/node-machine-id/package.json,已安装依赖，含开发依赖；分发范围需结合锁文件和安装包确认
node-releases,1.1.65,MIT,node_modules/caniuse-api/node_modules/node-releases/package.json,已安装依赖，含开发依赖；分发范围需结合锁文件和安装包确认
node-releases,2.0.14,MIT,node_modules/webpack/node_modules/node-releases/package.json,已安装依赖，含开发依赖；分发范围需结合锁文件和安装包确认
node-releases,2.0.2,MIT,node_modules/node-releases/package.json,已安装依赖，含开发依赖；分发范围需结合锁文件和安装包确认
node-releases,2.0.6,MIT,node_modules/@babel/helper-compilation-targets/node_modules/node-releases/package.json,已安装依赖，含开发依赖；分发范围需结合锁文件和安装包确认
node-releases,2.0.6,MIT,node_modules/core-js-compat/node_modules/node-releases/package.json,已安装依赖，含开发依赖；分发范围需结合锁文件和安装包确认
normalize-package-data,2.5.0,BSD-2-Clause,node_modules/normalize-package-data/package.json,已安装依赖，含开发依赖；分发范围需结合锁文件和安装包确认
normalize-package-data,2.5.0,BSD-2-Clause,node_modules/stylelint/node_modules/read-pkg/node_modules/normalize-package-data/package.json,已安装依赖，含开发依赖；分发范围需结合锁文件和安装包确认
normalize-package-data,3.0.0,BSD-2-Clause,node_modules/stylelint/node_modules/normalize-package-data/package.json,已安装依赖，含开发依赖；分发范围需结合锁文件和安装包确认
normalize-path,2.1.1,MIT,node_modules/anymatch/node_modules/normalize-path/package.json,已安装依赖，含开发依赖；分发范围需结合锁文件和安装包确认
normalize-path,2.1.1,MIT,node_modules/prettier-stylelint/node_modules/normalize-path/package.json,已安装依赖，含开发依赖；分发范围需结合锁文件和安装包确认
normalize-path,3.0.0,MIT,node_modules/normalize-path/package.json,已安装依赖，含开发依赖；分发范围需结合锁文件和安装包确认
normalize-range,0.1.2,MIT,node_modules/normalize-range/package.json,已安装依赖，含开发依赖；分发范围需结合锁文件和安装包确认
normalize-selector,0.2.0,MIT,node_modules/normalize-selector/package.json,已安装依赖，含开发依赖；分发范围需结合锁文件和安装包确认
normalize-url,4.5.0,MIT,node_modules/normalize-url/package.json,已安装依赖，含开发依赖；分发范围需结合锁文件和安装包确认
normalize-url,6.1.0,MIT,node_modules/optimize-css-assets-webpack-plugin/node_modules/normalize-url/package.json,已安装依赖，含开发依赖；分发范围需结合锁文件和安装包确认
normalize.css,8.0.1,MIT,node_modules/normalize.css/package.json,已安装依赖，含开发依赖；分发范围需结合锁文件和安装包确认
npm-conf,1.1.3,MIT,node_modules/npm-conf/package.json,已安装依赖，含开发依赖；分发范围需结合锁文件和安装包确认
npm-run-path,2.0.2,MIT,node_modules/npm-run-path/package.json,已安装依赖，含开发依赖；分发范围需结合锁文件和安装包确认
npm-run-path,5.1.0,MIT,node_modules/execa/node_modules/npm-run-path/package.json,已安装依赖，含开发依赖；分发范围需结合锁文件和安装包确认
npmlog,4.1.2,ISC,node_modules/npmlog/package.json,已安装依赖，含开发依赖；分发范围需结合锁文件和安装包确认
nth-check,2.0.1,BSD-2-Clause,node_modules/nth-check/package.json,已安装依赖，含开发依赖；分发范围需结合锁文件和安装包确认
nugget,2.0.1,BSD,node_modules/nugget/package.json,已安装依赖，含开发依赖；分发范围需结合锁文件和安装包确认
num2fraction,1.2.2,MIT,node_modules/num2fraction/package.json,已安装依赖，含开发依赖；分发范围需结合锁文件和安装包确认
number-is-nan,1.0.1,MIT,node_modules/number-is-nan/package.json,已安装依赖，含开发依赖；分发范围需结合锁文件和安装包确认
oauth-sign,0.9.0,Apache-2.0,node_modules/oauth-sign/package.json,已安装依赖，含开发依赖；分发范围需结合锁文件和安装包确认
object-assign,4.1.1,MIT,node_modules/object-assign/package.json,已安装依赖，含开发依赖；分发范围需结合锁文件和安装包确认
object-copy,0.1.0,MIT,node_modules/object-copy/package.json,已安装依赖，含开发依赖；分发范围需结合锁文件和安装包确认
object-inspect,1.12.0,MIT,node_modules/object-inspect/package.json,已安装依赖，含开发依赖；分发范围需结合锁文件和安装包确认
object-inspect,1.12.2,MIT,node_modules/array-includes/node_modules/object-inspect/package.json,已安装依赖，含开发依赖；分发范围需结合锁文件和安装包确认
object-inspect,1.12.2,MIT,node_modules/array.prototype.flatmap/node_modules/object-inspect/package.json,已安装依赖，含开发依赖；分发范围需结合锁文件和安装包确认
object-inspect,1.12.2,MIT,node_modules/lint-staged/node_modules/object-inspect/package.json,已安装依赖，含开发依赖；分发范围需结合锁文件和安装包确认
object-inspect,1.12.2,MIT,node_modules/object.hasown/node_modules/object-inspect/package.json,已安装依赖，含开发依赖；分发范围需结合锁文件和安装包确认
object-inspect,1.12.2,MIT,node_modules/string.prototype.matchall/node_modules/object-inspect/package.json,已安装依赖，含开发依赖；分发范围需结合锁文件和安装包确认
object-inspect,1.8.0,MIT,node_modules/is-typed-array/node_modules/object-inspect/package.json,已安装依赖，含开发依赖；分发范围需结合锁文件和安装包确认
object-inspect,1.8.0,MIT,node_modules/jsx-ast-utils/node_modules/object-inspect/package.json,已安装依赖，含开发依赖；分发范围需结合锁文件和安装包确认
object-inspect,1.8.0,MIT,node_modules/string.prototype.trimstart/node_modules/object-inspect/package.json,已安装依赖，含开发依赖；分发范围需结合锁文件和安装包确认
object-inspect,1.8.0,MIT,node_modules/which-typed-array/node_modules/object-inspect/package.json,已安装依赖，含开发依赖；分发范围需结合锁文件和安装包确认
object-is,1.1.5,MIT,node_modules/object-is/package.json,已安装依赖，含开发依赖；分发范围需结合锁文件和安装包确认
object-keys,0.4.0,MIT,node_modules/progress-stream/node_modules/object-keys/package.json,已安装依赖，含开发依赖；分发范围需结合锁文件和安装包确认
object-keys,1.1.1,MIT,node_modules/object-keys/package.json,已安装依赖，含开发依赖；分发范围需结合锁文件和安装包确认
object-visit,1.0.1,MIT,node_modules/object-visit/package.json,已安装依赖，含开发依赖；分发范围需结合锁文件和安装包确认
object.assign,4.1.2,MIT,node_modules/object.assign/package.json,已安装依赖，含开发依赖；分发范围需结合锁文件和安装包确认
object.assign,4.1.4,MIT,node_modules/array-includes/node_modules/object.assign/package.json,已安装依赖，含开发依赖；分发范围需结合锁文件和安装包确认
object.assign,4.1.4,MIT,node_modules/array.prototype.flatmap/node_modules/object.assign/package.json,已安装依赖，含开发依赖；分发范围需结合锁文件和安装包确认
object.assign,4.1.4,MIT,node_modules/eslint-plugin-jsx-a11y/node_modules/object.assign/package.json,已安装依赖，含开发依赖；分发范围需结合锁文件和安装包确认
object.assign,4.1.4,MIT,node_modules/object.hasown/node_modules/object.assign/package.json,已安装依赖，含开发依赖；分发范围需结合锁文件和安装包确认
object.assign,4.1.4,MIT,node_modules/string.prototype.matchall/node_modules/object.assign/package.json,已安装依赖，含开发依赖；分发范围需结合锁文件和安装包确认
object.entries,1.1.5,MIT,node_modules/object.entries/package.json,已安装依赖，含开发依赖；分发范围需结合锁文件和安装包确认
object.fromentries,2.0.5,MIT,node_modules/object.fromentries/package.json,已安装依赖，含开发依赖；分发范围需结合锁文件和安装包确认
object.hasown,1.1.2,MIT,node_modules/object.hasown/package.json,已安装依赖，含开发依赖；分发范围需结合锁文件和安装包确认
object.omit,2.0.1,MIT,node_modules/object.omit/package.json,已安装依赖，含开发依赖；分发范围需结合锁文件和安装包确认
object.pick,1.3.0,MIT,node_modules/object.pick/package.json,已安装依赖，含开发依赖；分发范围需结合锁文件和安装包确认
object.values,1.1.5,MIT,node_modules/object.values/package.json,已安装依赖，含开发依赖；分发范围需结合锁文件和安装包确认
obuf,1.1.2,MIT,node_modules/obuf/package.json,已安装依赖，含开发依赖；分发范围需结合锁文件和安装包确认
on-finished,2.4.1,MIT,node_modules/on-finished/package.json,已安装依赖，含开发依赖；分发范围需结合锁文件和安装包确认
on-headers,1.0.2,MIT,node_modules/on-headers/package.json,已安装依赖，含开发依赖；分发范围需结合锁文件和安装包确认
once,1.4.0,ISC,node_modules/once/package.json,已安装依赖，含开发依赖；分发范围需结合锁文件和安装包确认
onetime,5.1.2,MIT,node_modules/restore-cursor/node_modules/onetime/package.json,已安装依赖，含开发依赖；分发范围需结合锁文件和安装包确认
onetime,6.0.0,MIT,node_modules/onetime/package.json,已安装依赖，含开发依赖；分发范围需结合锁文件和安装包确认
opencollective-postinstall,2.0.3,MIT,node_modules/opencollective-postinstall/package.json,已安装依赖，含开发依赖；分发范围需结合锁文件和安装包确认
opener,1.5.2,(WTFPL OR MIT),node_modules/opener/package.json,已安装依赖，含开发依赖；分发范围需结合锁文件和安装包确认
opn,5.5.0,MIT,node_modules/opn/package.json,已安装依赖，含开发依赖；分发范围需结合锁文件和安装包确认
optimize-css-assets-webpack-plugin,6.0.1,MIT,node_modules/optimize-css-assets-webpack-plugin/package.json,已安装依赖，含开发依赖；分发范围需结合锁文件和安装包确认
optionator,0.9.1,MIT,node_modules/optionator/package.json,已安装依赖，含开发依赖；分发范围需结合锁文件和安装包确认
os,0.1.2,MIT,node_modules/os/package.json,已安装依赖，含开发依赖；分发范围需结合锁文件和安装包确认
p-cancelable,1.1.0,MIT,node_modules/p-cancelable/package.json,已安装依赖，含开发依赖；分发范围需结合锁文件和安装包确认
p-finally,1.0.0,MIT,node_modules/p-finally/package.json,已安装依赖，含开发依赖；分发范围需结合锁文件和安装包确认
p-limit,1.3.0,MIT,node_modules/import-local/node_modules/p-limit/package.json,已安装依赖，含开发依赖；分发范围需结合锁文件和安装包确认
p-limit,1.3.0,MIT,node_modules/prettier-stylelint/node_modules/p-limit/package.json,已安装依赖，含开发依赖；分发范围需结合锁文件和安装包确认
p-limit,2.3.0,MIT,node_modules/p-limit/package.json,已安装依赖，含开发依赖；分发范围需结合锁文件和安装包确认
p-limit,3.0.2,MIT,node_modules/eslint-plugin-compat/node_modules/p-limit/package.json,已安装依赖，含开发依赖；分发范围需结合锁文件和安装包确认
p-limit,3.0.2,MIT,node_modules/eslint/node_modules/p-limit/package.json,已安装依赖，含开发依赖；分发范围需结合锁文件和安装包确认
p-limit,3.0.2,MIT,node_modules/husky/node_modules/p-limit/package.json,已安装依赖，含开发依赖；分发范围需结合锁文件和安装包确认
p-limit,4.0.0,MIT,node_modules/pkg-dir/node_modules/p-limit/package.json,已安装依赖，含开发依赖；分发范围需结合锁文件和安装包确认
p-locate,2.0.0,MIT,node_modules/import-local/node_modules/p-locate/package.json,已安装依赖，含开发依赖；分发范围需结合锁文件和安装包确认
p-locate,2.0.0,MIT,node_modules/prettier-stylelint/node_modules/p-locate/package.json,已安装依赖，含开发依赖；分发范围需结合锁文件和安装包确认
p-locate,3.0.0,MIT,node_modules/find-cache-dir/node_modules/p-locate/package.json,已安装依赖，含开发依赖；分发范围需结合锁文件和安装包确认
p-locate,3.0.0,MIT,node_modules/webpack-dev-server/node_modules/p-locate/package.json,已安装依赖，含开发依赖；分发范围需结合锁文件和安装包确认
p-locate,3.0.0,MIT,node_modules/yargs/node_modules/p-locate/package.json,已安装依赖，含开发依赖；分发范围需结合锁文件和安装包确认
p-locate,4.1.0,MIT,node_modules/p-locate/package.json,已安装依赖，含开发依赖；分发范围需结合锁文件和安装包确认
p-locate,5.0.0,MIT,node_modules/eslint-plugin-compat/node_modules/p-locate/package.json,已安装依赖，含开发依赖；分发范围需结合锁文件和安装包确认
p-locate,5.0.0,MIT,node_modules/eslint/node_modules/p-locate/package.json,已安装依赖，含开发依赖；分发范围需结合锁文件和安装包确认
p-locate,5.0.0,MIT,node_modules/husky/node_modules/p-locate/package.json,已安装依赖，含开发依赖；分发范围需结合锁文件和安装包确认
p-locate,6.0.0,MIT,node_modules/pkg-dir/node_modules/p-locate/package.json,已安装依赖，含开发依赖；分发范围需结合锁文件和安装包确认
p-map,2.1.0,MIT,node_modules/p-map/package.json,已安装依赖，含开发依赖；分发范围需结合锁文件和安装包确认
p-map,4.0.0,MIT,node_modules/listr2/node_modules/p-map/package.json,已安装依赖，含开发依赖；分发范围需结合锁文件和安装包确认
p-retry,3.0.1,MIT,node_modules/p-retry/package.json,已安装依赖，含开发依赖；分发范围需结合锁文件和安装包确认
p-try,1.0.0,MIT,node_modules/import-local/node_modules/p-try/package.json,已安装依赖，含开发依赖；分发范围需结合锁文件和安装包确认
p-try,1.0.0,MIT,node_modules/prettier-stylelint/node_modules/p-try/package.json,已安装依赖，含开发依赖；分发范围需结合锁文件和安装包确认
p-try,2.2.0,MIT,node_modules/p-try/package.json,已安装依赖，含开发依赖；分发范围需结合锁文件和安装包确认
package-json,4.0.1,MIT,node_modules/package-json/package.json,已安装依赖，含开发依赖；分发范围需结合锁文件和安装包确认
package-json,6.5.0,MIT,node_modules/electron-builder/node_modules/package-json/package.json,已安装依赖，含开发依赖；分发范围需结合锁文件和安装包确认
pako,1.0.11,(MIT AND Zlib),node_modules/pako/package.json,已安装依赖，含开发依赖；分发范围需结合锁文件和安装包确认
param-case,3.0.4,MIT,node_modules/param-case/package.json,已安装依赖，含开发依赖；分发范围需结合锁文件和安装包确认
parent-module,1.0.1,MIT,node_modules/parent-module/package.json,已安装依赖，含开发依赖；分发范围需结合锁文件和安装包确认
parse-entities,1.2.2,MIT,node_modules/parse-entities/package.json,已安装依赖，含开发依赖；分发范围需结合锁文件和安装包确认
parse-glob,3.0.4,MIT,node_modules/parse-glob/package.json,已安装依赖，含开发依赖；分发范围需结合锁文件和安装包确认
parse-json,2.2.0,MIT,node_modules/load-json-file/node_modules/parse-json/package.json,已安装依赖，含开发依赖；分发范围需结合锁文件和安装包确认
parse-json,3.0.0,MIT,node_modules/cosmiconfig/node_modules/parse-json/package.json,已安装依赖，含开发依赖；分发范围需结合锁文件和安装包确认
parse-json,4.0.0,MIT,node_modules/prettier-stylelint/node_modules/parse-json/package.json,已安装依赖，含开发依赖；分发范围需结合锁文件和安装包确认
parse-json,5.1.0,MIT,node_modules/parse-json/package.json,已安装依赖，含开发依赖；分发范围需结合锁文件和安装包确认
parse-srcset,1.0.2,MIT,node_modules/parse-srcset/package.json,已安装依赖，含开发依赖；分发范围需结合锁文件和安装包确认
parseurl,1.3.3,MIT,node_modules/parseurl/package.json,已安装依赖，含开发依赖；分发范围需结合锁文件和安装包确认
pascal-case,3.1.2,MIT,node_modules/pascal-case/package.json,已安装依赖，含开发依赖；分发范围需结合锁文件和安装包确认
pascalcase,0.1.1,MIT,node_modules/pascalcase/package.json,已安装依赖，含开发依赖；分发范围需结合锁文件和安装包确认
path,0.12.7,MIT,node_modules/path/package.json,已安装依赖，含开发依赖；分发范围需结合锁文件和安装包确认
path-dirname,1.0.2,MIT,node_modules/path-dirname/package.json,已安装依赖，含开发依赖；分发范围需结合锁文件和安装包确认
path-exists,2.1.0,MIT,node_modules/read-pkg-up/node_modules/path-exists/package.json,已安装依赖，含开发依赖；分发范围需结合锁文件和安装包确认
path-exists,3.0.0,MIT,node_modules/path-exists/package.json,已安装依赖，含开发依赖；分发范围需结合锁文件和安装包确认
path-exists,4.0.0,MIT,node_modules/eslint-plugin-compat/node_modules/path-exists/package.json,已安装依赖，含开发依赖；分发范围需结合锁文件和安装包确认
path-exists,4.0.0,MIT,node_modules/eslint/node_modules/path-exists/package.json,已安装依赖，含开发依赖；分发范围需结合锁文件和安装包确认
path-exists,4.0.0,MIT,node_modules/find-up/node_modules/path-exists/package.json,已安装依赖，含开发依赖；分发范围需结合锁文件和安装包确认
path-exists,4.0.0,MIT,node_modules/husky/node_modules/path-exists/package.json,已安装依赖，含开发依赖；分发范围需结合锁文件和安装包确认
path-exists,5.0.0,MIT,node_modules/pkg-dir/node_modules/path-exists/package.json,已安装依赖，含开发依赖；分发范围需结合锁文件和安装包确认
path-is-absolute,1.0.1,MIT,node_modules/path-is-absolute/package.json,已安装依赖，含开发依赖；分发范围需结合锁文件和安装包确认
path-is-inside,1.0.2,(WTFPL OR MIT),node_modules/path-is-inside/package.json,已安装依赖，含开发依赖；分发范围需结合锁文件和安装包确认
path-key,2.0.1,MIT,node_modules/path-key/package.json,已安装依赖，含开发依赖；分发范围需结合锁文件和安装包确认
path-key,3.1.1,MIT,node_modules/cross-spawn/node_modules/path-key/package.json,已安装依赖，含开发依赖；分发范围需结合锁文件和安装包确认
path-key,3.1.1,MIT,node_modules/dotenv-cli/node_modules/path-key/package.json,已安装依赖，含开发依赖；分发范围需结合锁文件和安装包确认
path-key,4.0.0,MIT,node_modules/execa/node_modules/path-key/package.json,已安装依赖，含开发依赖；分发范围需结合锁文件和安装包确认
path-parse,1.0.6,MIT,node_modules/path-parse/package.json,已安装依赖，含开发依赖；分发范围需结合锁文件和安装包确认
path-parse,1.0.7,MIT,node_modules/@babel/helper-define-polyfill-provider/node_modules/path-parse/package.json,已安装依赖，含开发依赖；分发范围需结合锁文件和安装包确认
path-parse,1.0.7,MIT,node_modules/eslint-import-resolver-node/node_modules/path-parse/package.json,已安装依赖，含开发依赖；分发范围需结合锁文件和安装包确认
path-parse,1.0.7,MIT,node_modules/eslint-import-resolver-webpack/node_modules/path-parse/package.json,已安装依赖，含开发依赖；分发范围需结合锁文件和安装包确认
path-parse,1.0.7,MIT,node_modules/eslint-plugin-import/node_modules/path-parse/package.json,已安装依赖，含开发依赖；分发范围需结合锁文件和安装包确认
path-to-regexp,0.1.7,MIT,node_modules/express/node_modules/path-to-regexp/package.json,已安装依赖，含开发依赖；分发范围需结合锁文件和安装包确认
path-to-regexp,1.8.0,MIT,node_modules/path-to-regexp/package.json,已安装依赖，含开发依赖；分发范围需结合锁文件和安装包确认
path-type,1.1.0,MIT,node_modules/read-pkg/node_modules/path-type/package.json,已安装依赖，含开发依赖；分发范围需结合锁文件和安装包确认
path-type,3.0.0,MIT,node_modules/prettier-stylelint/node_modules/path-type/package.json,已安装依赖，含开发依赖；分发范围需结合锁文件和安装包确认
path-type,4.0.0,MIT,node_modules/path-type/package.json,已安装依赖，含开发依赖；分发范围需结合锁文件和安装包确认
pause-stream,0.0.11,"[""MIT"", ""Apache2""]",node_modules/pause-stream/package.json,已安装依赖，含开发依赖；分发范围需结合锁文件和安装包确认
pend,1.2.0,MIT,node_modules/pend/package.json,已安装依赖，含开发依赖；分发范围需结合锁文件和安装包确认
performance-now,2.1.0,MIT,node_modules/performance-now/package.json,已安装依赖，含开发依赖；分发范围需结合锁文件和安装包确认
picocolors,1.0.0,ISC,node_modules/picocolors/package.json,已安装依赖，含开发依赖；分发范围需结合锁文件和安装包确认
picomatch,2.3.1,MIT,node_modules/picomatch/package.json,已安装依赖，含开发依赖；分发范围需结合锁文件和安装包确认
pidtree,0.6.0,MIT,node_modules/pidtree/package.json,已安装依赖，含开发依赖；分发范围需结合锁文件和安装包确认
pify,2.3.0,MIT,node_modules/globby/node_modules/pify/package.json,已安装依赖，含开发依赖；分发范围需结合锁文件和安装包确认
pify,2.3.0,MIT,node_modules/load-json-file/node_modules/pify/package.json,已安装依赖，含开发依赖；分发范围需结合锁文件和安装包确认
pify,2.3.0,MIT,node_modules/read-pkg/node_modules/pify/package.json,已安装依赖，含开发依赖；分发范围需结合锁文件和安装包确认
pify,3.0.0,MIT,node_modules/pify/package.json,已安装依赖，含开发依赖；分发范围需结合锁文件和安装包确认
pify,4.0.1,MIT,node_modules/@babel/register/node_modules/pify/package.json,已安装依赖，含开发依赖；分发范围需结合锁文件和安装包确认
pify,4.0.1,MIT,node_modules/del/node_modules/pify/package.json,已安装依赖，含开发依赖；分发范围需结合锁文件和安装包确认
pify,4.0.1,MIT,node_modules/find-cache-dir/node_modules/pify/package.json,已安装依赖，含开发依赖；分发范围需结合锁文件和安装包确认
pify,4.0.1,MIT,node_modules/gzip-size/node_modules/pify/package.json,已安装依赖，含开发依赖；分发范围需结合锁文件和安装包确认
pinkie,2.0.4,MIT,node_modules/pinkie/package.json,已安装依赖，含开发依赖；分发范围需结合锁文件和安装包确认
pinkie-promise,2.0.1,MIT,node_modules/pinkie-promise/package.json,已安装依赖，含开发依赖；分发范围需结合锁文件和安装包确认
pirates,4.0.5,MIT,node_modules/pirates/package.json,已安装依赖，含开发依赖；分发范围需结合锁文件和安装包确认
pkg-dir,2.0.0,MIT,node_modules/import-local/node_modules/pkg-dir/package.json,已安装依赖，含开发依赖；分发范围需结合锁文件和安装包确认
pkg-dir,3.0.0,MIT,node_modules/find-cache-dir/node_modules/pkg-dir/package.json,已安装依赖，含开发依赖；分发范围需结合锁文件和安装包确认
pkg-dir,3.0.0,MIT,node_modules/webpack-dev-server/node_modules/pkg-dir/package.json,已安装依赖，含开发依赖；分发范围需结合锁文件和安装包确认
pkg-dir,4.2.0,MIT,node_modules/babel-loader/node_modules/pkg-dir/package.json,已安装依赖，含开发依赖；分发范围需结合锁文件和安装包确认
pkg-dir,4.2.0,MIT,node_modules/webpack-cli/node_modules/pkg-dir/package.json,已安装依赖，含开发依赖；分发范围需结合锁文件和安装包确认
pkg-dir,5.0.0,MIT,node_modules/husky/node_modules/pkg-dir/package.json,已安装依赖，含开发依赖；分发范围需结合锁文件和安装包确认
pkg-dir,6.0.1,MIT,node_modules/pkg-dir/package.json,已安装依赖，含开发依赖；分发范围需结合锁文件和安装包确认
please-upgrade-node,3.2.0,MIT,node_modules/please-upgrade-node/package.json,已安装依赖，含开发依赖；分发范围需结合锁文件和安装包确认
plist,3.0.4,MIT,node_modules/plist/package.json,已安装依赖，含开发依赖；分发范围需结合锁文件和安装包确认
plur,4.0.0,MIT,node_modules/plur/package.json,已安装依赖，含开发依赖；分发范围需结合锁文件和安装包确认
popper.js,1.16.1-lts,MIT,node_modules/popper.js/package.json,已安装依赖，含开发依赖；分发范围需结合锁文件和安装包确认
portfinder,1.0.32,MIT,node_modules/portfinder/package.json,已安装依赖，含开发依赖；分发范围需结合锁文件和安装包确认
posix-character-classes,0.1.1,MIT,node_modules/posix-character-classes/package.json,已安装依赖，含开发依赖；分发范围需结合锁文件和安装包确认
postcss,5.2.18,MIT,node_modules/postcss-less/node_modules/postcss/package.json,已安装依赖，含开发依赖；分发范围需结合锁文件和安装包确认
postcss,6.0.23,MIT,node_modules/autoprefixer/node_modules/postcss/package.json,已安装依赖，含开发依赖；分发范围需结合锁文件和安装包确认
postcss,6.0.23,MIT,node_modules/postcss-reporter/node_modules/postcss/package.json,已安装依赖，含开发依赖；分发范围需结合锁文件和安装包确认
postcss,6.0.23,MIT,node_modules/postcss-safe-parser/node_modules/postcss/package.json,已安装依赖，含开发依赖；分发范围需结合锁文件和安装包确认
postcss,6.0.23,MIT,node_modules/postcss-sass/node_modules/postcss/package.json,已安装依赖，含开发依赖；分发范围需结合锁文件和安装包确认
postcss,6.0.23,MIT,node_modules/postcss-scss/node_modules/postcss/package.json,已安装依赖，含开发依赖；分发范围需结合锁文件和安装包确认
postcss,6.0.23,MIT,node_modules/prettier-stylelint/node_modules/postcss/package.json,已安装依赖，含开发依赖；分发范围需结合锁文件和安装包确认
postcss,6.0.23,MIT,node_modules/sugarss/node_modules/postcss/package.json,已安装依赖，含开发依赖；分发范围需结合锁文件和安装包确认
postcss,8.4.19,MIT,node_modules/stylelint/node_modules/postcss/package.json,已安装依赖，含开发依赖；分发范围需结合锁文件和安装包确认
postcss,8.4.31,MIT,node_modules/postcss/package.json,已安装依赖，含开发依赖；分发范围需结合锁文件和安装包确认
postcss,8.4.6,MIT,node_modules/css-loader/node_modules/postcss/package.json,已安装依赖，含开发依赖；分发范围需结合锁文件和安装包确认
postcss,8.4.6,MIT,node_modules/optimize-css-assets-webpack-plugin/node_modules/postcss/package.json,已安装依赖，含开发依赖；分发范围需结合锁文件和安装包确认
postcss,8.4.6,MIT,node_modules/sanitize-html/node_modules/postcss/package.json,已安装依赖，含开发依赖；分发范围需结合锁文件和安装包确认
postcss-calc,8.2.4,MIT,node_modules/optimize-css-assets-webpack-plugin/node_modules/postcss-calc/package.json,已安装依赖，含开发依赖；分发范围需结合锁文件和安装包确认
postcss-colormin,5.2.5,MIT,node_modules/optimize-css-assets-webpack-plugin/node_modules/postcss-colormin/package.json,已安装依赖，含开发依赖；分发范围需结合锁文件和安装包确认
postcss-convert-values,5.0.4,MIT,node_modules/optimize-css-assets-webpack-plugin/node_modules/postcss-convert-values/package.json,已安装依赖，含开发依赖；分发范围需结合锁文件和安装包确认
postcss-discard-comments,5.0.3,MIT,node_modules/optimize-css-assets-webpack-plugin/node_modules/postcss-discard-comments/package.json,已安装依赖，含开发依赖；分发范围需结合锁文件和安装包确认
postcss-discard-duplicates,5.0.3,MIT,node_modules/optimize-css-assets-webpack-plugin/node_modules/postcss-discard-duplicates/package.json,已安装依赖，含开发依赖；分发范围需结合锁文件和安装包确认
postcss-discard-empty,5.0.3,MIT,node_modules/optimize-css-assets-webpack-plugin/node_modules/postcss-discard-empty/package.json,已安装依赖，含开发依赖；分发范围需结合锁文件和安装包确认
postcss-discard-overridden,5.0.4,MIT,node_modules/optimize-css-assets-webpack-plugin/node_modules/postcss-discard-overridden/package.json,已安装依赖，含开发依赖；分发范围需结合锁文件和安装包确认
postcss-html,0.12.0,MIT,node_modules/prettier-stylelint/node_modules/postcss-html/package.json,已安装依赖，含开发依赖；分发范围需结合锁文件和安装包确认
postcss-less,1.1.5,MIT,node_modules/postcss-less/package.json,已安装依赖，含开发依赖；分发范围需结合锁文件和安装包确认
postcss-media-query-parser,0.2.3,MIT,node_modules/postcss-media-query-parser/package.json,已安装依赖，含开发依赖；分发范围需结合锁文件和安装包确认
postcss-merge-longhand,5.0.6,MIT,node_modules/optimize-css-assets-webpack-plugin/node_modules/postcss-merge-longhand/package.json,已安装依赖，含开发依赖；分发范围需结合锁文件和安装包确认
postcss-merge-rules,5.0.6,MIT,node_modules/optimize-css-assets-webpack-plugin/node_modules/postcss-merge-rules/package.json,已安装依赖，含开发依赖；分发范围需结合锁文件和安装包确认
postcss-minify-font-values,5.0.4,MIT,node_modules/optimize-css-assets-webpack-plugin/node_modules/postcss-minify-font-values/package.json,已安装依赖，含开发依赖；分发范围需结合锁文件和安装包确认
postcss-minify-gradients,5.0.6,MIT,node_modules/optimize-css-assets-webpack-plugin/node_modules/postcss-minify-gradients/package.json,已安装依赖，含开发依赖；分发范围需结合锁文件和安装包确认
postcss-minify-params,5.0.5,MIT,node_modules/optimize-css-assets-webpack-plugin/node_modules/postcss-minify-params/package.json,已安装依赖，含开发依赖；分发范围需结合锁文件和安装包确认
postcss-minify-selectors,5.1.3,MIT,node_modules/optimize-css-assets-webpack-plugin/node_modules/postcss-minify-selectors/package.json,已安装依赖，含开发依赖；分发范围需结合锁文件和安装包确认
postcss-modules-extract-imports,3.0.0,ISC,node_modules/css-loader/node_modules/postcss-modules-extract-imports/package.json,已安装依赖，含开发依赖；分发范围需结合锁文件和安装包确认
postcss-modules-local-by-default,4.0.0,MIT,node_modules/css-loader/node_modules/postcss-modules-local-by-default/package.json,已安装依赖，含开发依赖；分发范围需结合锁文件和安装包确认
postcss-modules-scope,3.0.0,ISC,node_modules/css-loader/node_modules/postcss-modules-scope/package.json,已安装依赖，含开发依赖；分发范围需结合锁文件和安装包确认
postcss-modules-values,4.0.0,ISC,node_modules/css-loader/node_modules/postcss-modules-values/package.json,已安装依赖，含开发依赖；分发范围需结合锁文件和安装包确认
postcss-normalize-charset,5.0.3,MIT,node_modules/optimize-css-assets-webpack-plugin/node_modules/postcss-normalize-charset/package.json,已安装依赖，含开发依赖；分发范围需结合锁文件和安装包确认
postcss-normalize-display-values,5.0.3,MIT,node_modules/optimize-css-assets-webpack-plugin/node_modules/postcss-normalize-display-values/package.json,已安装依赖，含开发依赖；分发范围需结合锁文件和安装包确认
postcss-normalize-positions,5.0.4,MIT,node_modules/optimize-css-assets-webpack-plugin/node_modules/postcss-normalize-positions/package.json,已安装依赖，含开发依赖；分发范围需结合锁文件和安装包确认
postcss-normalize-repeat-style,5.0.4,MIT,node_modules/optimize-css-assets-webpack-plugin/node_modules/postcss-normalize-repeat-style/package.json,已安装依赖，含开发依赖；分发范围需结合锁文件和安装包确认
postcss-normalize-string,5.0.4,MIT,node_modules/optimize-css-assets-webpack-plugin/node_modules/postcss-normalize-string/package.json,已安装依赖，含开发依赖；分发范围需结合锁文件和安装包确认
postcss-normalize-timing-functions,5.0.3,MIT,node_modules/optimize-css-assets-webpack-plugin/node_modules/postcss-normalize-timing-functions/package.json,已安装依赖，含开发依赖；分发范围需结合锁文件和安装包确认
postcss-normalize-unicode,5.0.4,MIT,node_modules/optimize-css-assets-webpack-plugin/node_modules/postcss-normalize-unicode/package.json,已安装依赖，含开发依赖；分发范围需结合锁文件和安装包确认
postcss-normalize-url,5.0.5,MIT,node_modules/optimize-css-assets-webpack-plugin/node_modules/postcss-normalize-url/package.json,已安装依赖，含开发依赖；分发范围需结合锁文件和安装包确认
postcss-normalize-whitespace,5.0.4,MIT,node_modules/optimize-css-assets-webpack-plugin/node_modules/postcss-normalize-whitespace/package.json,已安装依赖，含开发依赖；分发范围需结合锁文件和安装包确认
postcss-ordered-values,5.0.5,MIT,node_modules/optimize-css-assets-webpack-plugin/node_modules/postcss-ordered-values/package.json,已安装依赖，含开发依赖；分发范围需结合锁文件和安装包确认
postcss-reduce-initial,5.0.3,MIT,node_modules/optimize-css-assets-webpack-plugin/node_modules/postcss-reduce-initial/package.json,已安装依赖，含开发依赖；分发范围需结合锁文件和安装包确认
postcss-reduce-transforms,5.0.4,MIT,node_modules/optimize-css-assets-webpack-plugin/node_modules/postcss-reduce-transforms/package.json,已安装依赖，含开发依赖；分发范围需结合锁文件和安装包确认
postcss-reporter,5.0.0,MIT,node_modules/postcss-reporter/package.json,已安装依赖，含开发依赖；分发范围需结合锁文件和安装包确认
postcss-resolve-nested-selector,0.1.1,MIT,node_modules/postcss-resolve-nested-selector/package.json,已安装依赖，含开发依赖；分发范围需结合锁文件和安装包确认
postcss-safe-parser,3.0.1,MIT,node_modules/postcss-safe-parser/package.json,已安装依赖，含开发依赖；分发范围需结合锁文件和安装包确认
postcss-safe-parser,6.0.0,MIT,node_modules/stylelint/node_modules/postcss-safe-parser/package.json,已安装依赖，含开发依赖；分发范围需结合锁文件和安装包确认
postcss-sass,0.2.0,MIT,node_modules/postcss-sass/package.json,已安装依赖，含开发依赖；分发范围需结合锁文件和安装包确认
postcss-scss,1.0.6,MIT,node_modules/postcss-scss/package.json,已安装依赖，含开发依赖；分发范围需结合锁文件和安装包确认
postcss-selector-parser,3.1.2,MIT,node_modules/prettier-stylelint/node_modules/postcss-selector-parser/package.json,已安装依赖，含开发依赖；分发范围需结合锁文件和安装包确认
postcss-selector-parser,6.0.10,MIT,node_modules/stylelint/node_modules/postcss-selector-parser/package.json,已安装依赖，含开发依赖；分发范围需结合锁文件和安装包确认
postcss-selector-parser,6.0.4,MIT,node_modules/css-loader/node_modules/postcss-selector-parser/package.json,已安装依赖，含开发依赖；分发范围需结合锁文件和安装包确认
postcss-selector-parser,6.0.4,MIT,node_modules/optimize-css-assets-webpack-plugin/node_modules/stylehacks/node_modules/postcss-selector-parser/package.json,已安装依赖，含开发依赖；分发范围需结合锁文件和安装包确认
postcss-selector-parser,6.0.9,MIT,node_modules/postcss-selector-parser/package.json,已安装依赖，含开发依赖；分发范围需结合锁文件和安装包确认
postcss-svgo,5.0.4,MIT,node_modules/optimize-css-assets-webpack-plugin/node_modules/postcss-svgo/package.json,已安装依赖，含开发依赖；分发范围需结合锁文件和安装包确认
postcss-unique-selectors,5.0.4,MIT,node_modules/optimize-css-assets-webpack-plugin/node_modules/postcss-unique-selectors/package.json,已安装依赖，含开发依赖；分发范围需结合锁文件和安装包确认
postcss-value-parser,3.3.1,MIT,node_modules/autoprefixer/node_modules/postcss-value-parser/package.json,已安装依赖，含开发依赖；分发范围需结合锁文件和安装包确认
postcss-value-parser,3.3.1,MIT,node_modules/css-to-react-native/node_modules/postcss-value-parser/package.json,已安装依赖，含开发依赖；分发范围需结合锁文件和安装包确认
postcss-value-parser,3.3.1,MIT,node_modules/prettier-stylelint/node_modules/postcss-value-parser/package.json,已安装依赖，含开发依赖；分发范围需结合锁文件和安装包确认
postcss-value-parser,4.1.0,MIT,node_modules/css-loader/node_modules/postcss-modules-local-by-default/node_modules/postcss-value-parser/package.json,已安装依赖，含开发依赖；分发范围需结合锁文件和安装包确认
postcss-value-parser,4.2.0,MIT,node_modules/postcss-value-parser/package.json,已安装依赖，含开发依赖；分发范围需结合锁文件和安装包确认
prebuild-install,7.1.1,MIT,node_modules/prebuild-install/package.json,已安装依赖，含开发依赖；分发范围需结合锁文件和安装包确认
prelude-ls,1.2.1,MIT,node_modules/prelude-ls/package.json,已安装依赖，含开发依赖；分发范围需结合锁文件和安装包确认
prepend-http,1.0.4,MIT,node_modules/package-json/node_modules/prepend-http/package.json,已安装依赖，含开发依赖；分发范围需结合锁文件和安装包确认
prepend-http,2.0.0,MIT,node_modules/prepend-http/package.json,已安装依赖，含开发依赖；分发范围需结合锁文件和安装包确认
preserve,0.2.0,"{""type"": ""MIT"", ""url"": ""https://github.com/jonschlinkert/preserve/blob/master/LICENSE-MIT""}",node_modules/preserve/package.json,已安装依赖，含开发依赖；分发范围需结合锁文件和安装包确认
prettier,1.19.1,MIT,node_modules/prettier-stylelint/node_modules/prettier/package.json,已安装依赖，含开发依赖；分发范围需结合锁文件和安装包确认
prettier,1.6.0,MIT,node_modules/prettier-stylelint/fixtures/find-package/node_modules/prettier/package.json,已安装依赖，含开发依赖；分发范围需结合锁文件和安装包确认
prettier,2.7.1,MIT,node_modules/prettier/package.json,已安装依赖，含开发依赖；分发范围需结合锁文件和安装包确认
prettier-linter-helpers,1.0.0,MIT,node_modules/prettier-linter-helpers/package.json,已安装依赖，含开发依赖；分发范围需结合锁文件和安装包确认
prettier-stylelint,0.4.2,MIT,node_modules/prettier-stylelint/package.json,已安装依赖，含开发依赖；分发范围需结合锁文件和安装包确认
pretty-bytes,1.0.4,MIT,node_modules/pretty-bytes/package.json,已安装依赖，含开发依赖；分发范围需结合锁文件和安装包确认
pretty-error,4.0.0,MIT,node_modules/pretty-error/package.json,已安装依赖，含开发依赖；分发范围需结合锁文件和安装包确认
process,0.11.10,MIT,node_modules/process/package.json,已安装依赖，含开发依赖；分发范围需结合锁文件和安装包确认
process-nextick-args,2.0.1,MIT,node_modules/process-nextick-args/package.json,已安装依赖，含开发依赖；分发范围需结合锁文件和安装包确认
progress,2.0.3,MIT,node_modules/progress/package.json,已安装依赖，含开发依赖；分发范围需结合锁文件和安装包确认
progress-stream,1.2.0,BSD-2-Clause,node_modules/progress-stream/package.json,已安装依赖，含开发依赖；分发范围需结合锁文件和安装包确认
promise-retry,2.0.1,MIT,node_modules/promise-retry/package.json,已安装依赖，含开发依赖；分发范围需结合锁文件和安装包确认
prop-types,15.7.2,MIT,node_modules/@fortawesome/react-fontawesome/node_modules/prop-types/package.json,已安装依赖，含开发依赖；分发范围需结合锁文件和安装包确认
prop-types,15.7.2,MIT,node_modules/@material-ui/core/node_modules/prop-types/package.json,已安装依赖，含开发依赖；分发范围需结合锁文件和安装包确认
prop-types,15.7.2,MIT,node_modules/@material-ui/styles/node_modules/prop-types/package.json,已安装依赖，含开发依赖；分发范围需结合锁文件和安装包确认
prop-types,15.7.2,MIT,node_modules/@material-ui/system/node_modules/prop-types/package.json,已安装依赖，含开发依赖；分发范围需结合锁文件和安装包确认
prop-types,15.7.2,MIT,node_modules/@material-ui/utils/node_modules/prop-types/package.json,已安装依赖，含开发依赖；分发范围需结合锁文件和安装包确认
prop-types,15.7.2,MIT,node_modules/react-helmet/node_modules/prop-types/package.json,已安装依赖，含开发依赖；分发范围需结合锁文件和安装包确认
prop-types,15.7.2,MIT,node_modules/react-hot-loader/node_modules/prop-types/package.json,已安装依赖，含开发依赖；分发范围需结合锁文件和安装包确认
prop-types,15.7.2,MIT,node_modules/react-redux/node_modules/prop-types/package.json,已安装依赖，含开发依赖；分发范围需结合锁文件和安装包确认
prop-types,15.7.2,MIT,node_modules/react-router-dom/node_modules/prop-types/package.json,已安装依赖，含开发依赖；分发范围需结合锁文件和安装包确认
prop-types,15.7.2,MIT,node_modules/react-router-redux/node_modules/prop-types/package.json,已安装依赖，含开发依赖；分发范围需结合锁文件和安装包确认
prop-types,15.7.2,MIT,node_modules/react-router/node_modules/prop-types/package.json,已安装依赖，含开发依赖；分发范围需结合锁文件和安装包确认
prop-types,15.7.2,MIT,node_modules/react-transition-group/node_modules/prop-types/package.json,已安装依赖，含开发依赖；分发范围需结合锁文件和安装包确认
prop-types,15.7.2,MIT,node_modules/styled-components/node_modules/prop-types/package.json,已安装依赖，含开发依赖；分发范围需结合锁文件和安装包确认
prop-types,15.8.1,MIT,node_modules/prop-types/package.json,已安装依赖，含开发依赖；分发范围需结合锁文件和安装包确认
proto-list,1.2.4,ISC,node_modules/proto-list/package.json,已安装依赖，含开发依赖；分发范围需结合锁文件和安装包确认
proxy-addr,2.0.7,MIT,node_modules/proxy-addr/package.json,已安装依赖，含开发依赖；分发范围需结合锁文件和安装包确认
proxy-from-env,1.1.0,MIT,node_modules/proxy-from-env/package.json,已安装依赖，含开发依赖；分发范围需结合锁文件和安装包确认
prr,1.0.1,MIT,node_modules/prr/package.json,已安装依赖，含开发依赖；分发范围需结合锁文件和安装包确认
ps-tree,1.2.0,MIT,node_modules/ps-tree/package.json,已安装依赖，含开发依赖；分发范围需结合锁文件和安装包确认
pseudomap,1.0.2,ISC,node_modules/pseudomap/package.json,已安装依赖，含开发依赖；分发范围需结合锁文件和安装包确认
psl,1.8.0,MIT,node_modules/psl/package.json,已安装依赖，含开发依赖；分发范围需结合锁文件和安装包确认
pump,2.0.1,MIT,node_modules/pumpify/node_modules/pump/package.json,已安装依赖，含开发依赖；分发范围需结合锁文件和安装包确认
pump,3.0.0,MIT,node_modules/pump/package.json,已安装依赖，含开发依赖；分发范围需结合锁文件和安装包确认
pumpify,1.5.1,MIT,node_modules/pumpify/package.json,已安装依赖，含开发依赖；分发范围需结合锁文件和安装包确认
punycode,1.3.2,MIT,node_modules/url/node_modules/punycode/package.json,已安装依赖，含开发依赖；分发范围需结合锁文件和安装包确认
punycode,2.1.1,MIT,node_modules/punycode/package.json,已安装依赖，含开发依赖；分发范围需结合锁文件和安装包确认
pupa,2.1.1,MIT,node_modules/pupa/package.json,已安装依赖，含开发依赖；分发范围需结合锁文件和安装包确认
qs,6.11.0,BSD-3-Clause,node_modules/qs/package.json,已安装依赖，含开发依赖；分发范围需结合锁文件和安装包确认
qs,6.5.2,BSD-3-Clause,node_modules/request/node_modules/qs/package.json,已安装依赖，含开发依赖；分发范围需结合锁文件和安装包确认
qs,6.9.4,BSD-3-Clause,node_modules/electron-ga/node_modules/qs/package.json,已安装依赖，含开发依赖；分发范围需结合锁文件和安装包确认
querystring,0.2.0,"[{""type"": ""MIT"", ""url"": ""https://github.com/Gozala/enchain/License.md""}]",node_modules/querystring/package.json,已安装依赖，含开发依赖；分发范围需结合锁文件和安装包确认
querystringify,2.2.0,MIT,node_modules/querystringify/package.json,已安装依赖，含开发依赖；分发范围需结合锁文件和安装包确认
quick-lru,1.1.0,MIT,node_modules/prettier-stylelint/node_modules/quick-lru/package.json,已安装依赖，含开发依赖；分发范围需结合锁文件和安装包确认
quick-lru,4.0.1,MIT,node_modules/quick-lru/package.json,已安装依赖，含开发依赖；分发范围需结合锁文件和安装包确认
randomatic,3.1.1,MIT,node_modules/randomatic/package.json,已安装依赖，含开发依赖；分发范围需结合锁文件和安装包确认
randombytes,2.1.0,MIT,node_modules/randombytes/package.json,已安装依赖，含开发依赖；分发范围需结合锁文件和安装包确认
range-parser,1.2.1,MIT,node_modules/range-parser/package.json,已安装依赖，含开发依赖；分发范围需结合锁文件和安装包确认
raw-body,2.5.1,MIT,node_modules/raw-body/package.json,已安装依赖，含开发依赖；分发范围需结合锁文件和安装包确认
rc,1.2.8,(BSD-2-Clause OR MIT OR Apache-2.0),node_modules/rc/package.json,已安装依赖，含开发依赖；分发范围需结合锁文件和安装包确认
react,17.0.2,MIT,node_modules/react/package.json,已安装依赖，含开发依赖；分发范围需结合锁文件和安装包确认
react-fast-compare,3.2.0,MIT,node_modules/react-fast-compare/package.json,已安装依赖，含开发依赖；分发范围需结合锁文件和安装包确认
react-helmet,6.1.0,MIT,node_modules/react-helmet/package.json,已安装依赖，含开发依赖；分发范围需结合锁文件和安装包确认
react-hot-loader,4.13.0,MIT,node_modules/react-hot-loader/package.json,已安装依赖，含开发依赖；分发范围需结合锁文件和安装包确认
react-is,16.13.1,MIT,node_modules/react-is/package.json,已安装依赖，含开发依赖；分发范围需结合锁文件和安装包确认
react-lifecycles-compat,3.0.4,MIT,node_modules/react-lifecycles-compat/package.json,已安装依赖，含开发依赖；分发范围需结合锁文件和安装包确认
react-redux,5.1.2,MIT,node_modules/react-redux/package.json,已安装依赖，含开发依赖；分发范围需结合锁文件和安装包确认
react-router,4.3.1,MIT,node_modules/react-router-redux/node_modules/react-router/package.json,已安装依赖，含开发依赖；分发范围需结合锁文件和安装包确认
react-router,5.2.0,MIT,node_modules/react-router/package.json,已安装依赖，含开发依赖；分发范围需结合锁文件和安装包确认
react-router-dom,5.2.0,MIT,node_modules/react-router-dom/package.json,已安装依赖，含开发依赖；分发范围需结合锁文件和安装包确认
react-router-redux,5.0.0-alpha.9,MIT,node_modules/react-router-redux/package.json,已安装依赖，含开发依赖；分发范围需结合锁文件和安装包确认
react-side-effect,2.1.1,MIT,node_modules/react-side-effect/package.json,已安装依赖，含开发依赖；分发范围需结合锁文件和安装包确认
react-transition-group,4.4.1,BSD-3-Clause,node_modules/react-transition-group/package.json,已安装依赖，含开发依赖；分发范围需结合锁文件和安装包确认
read-config-file,6.2.0,MIT,node_modules/read-config-file/package.json,已安装依赖，含开发依赖；分发范围需结合锁文件和安装包确认
read-pkg,1.1.0,MIT,node_modules/read-pkg/package.json,已安装依赖，含开发依赖；分发范围需结合锁文件和安装包确认
read-pkg,3.0.0,MIT,node_modules/prettier-stylelint/node_modules/read-pkg/package.json,已安装依赖，含开发依赖；分发范围需结合锁文件和安装包确认
read-pkg,5.2.0,MIT,node_modules/stylelint/node_modules/read-pkg/package.json,已安装依赖，含开发依赖；分发范围需结合锁文件和安装包确认
read-pkg-up,1.0.1,MIT,node_modules/read-pkg-up/package.json,已安装依赖，含开发依赖；分发范围需结合锁文件和安装包确认
read-pkg-up,3.0.0,MIT,node_modules/prettier-stylelint/node_modules/read-pkg-up/package.json,已安装依赖，含开发依赖；分发范围需结合锁文件和安装包确认
read-pkg-up,7.0.1,MIT,node_modules/stylelint/node_modules/read-pkg-up/package.json,已安装依赖，含开发依赖；分发范围需结合锁文件和安装包确认
readable-stream,1.1.14,MIT,node_modules/progress-stream/node_modules/readable-stream/package.json,已安装依赖，含开发依赖；分发范围需结合锁文件和安装包确认
readable-stream,2.3.7,MIT,node_modules/readable-stream/package.json,已安装依赖，含开发依赖；分发范围需结合锁文件和安装包确认
readable-stream,3.6.0,MIT,node_modules/bl/node_modules/readable-stream/package.json,已安装依赖，含开发依赖；分发范围需结合锁文件和安装包确认
readable-stream,3.6.0,MIT,node_modules/prettier-stylelint/node_modules/readable-stream/package.json,已安装依赖，含开发依赖；分发范围需结合锁文件和安装包确认
readable-stream,3.6.0,MIT,node_modules/spdy-transport/node_modules/readable-stream/package.json,已安装依赖，含开发依赖；分发范围需结合锁文件和安装包确认
readable-stream,3.6.0,MIT,node_modules/split2/node_modules/readable-stream/package.json,已安装依赖，含开发依赖；分发范围需结合锁文件和安装包确认
readable-stream,3.6.0,MIT,node_modules/tar-stream/node_modules/readable-stream/package.json,已安装依赖，含开发依赖；分发范围需结合锁文件和安装包确认
readdirp,2.2.1,MIT,node_modules/readdirp/package.json,已安装依赖，含开发依赖；分发范围需结合锁文件和安装包确认
readdirp,3.6.0,MIT,node_modules/chokidar/node_modules/readdirp/package.json,已安装依赖，含开发依赖；分发范围需结合锁文件和安装包确认
rechoir,0.7.0,MIT,node_modules/rechoir/package.json,已安装依赖，含开发依赖；分发范围需结合锁文件和安装包确认
redent,1.0.0,MIT,node_modules/redent/package.json,已安装依赖，含开发依赖；分发范围需结合锁文件和安装包确认
redent,2.0.0,MIT,node_modules/prettier-stylelint/node_modules/redent/package.json,已安装依赖，含开发依赖；分发范围需结合锁文件和安装包确认
redent,3.0.0,MIT,node_modules/stylelint/node_modules/redent/package.json,已安装依赖，含开发依赖；分发范围需结合锁文件和安装包确认
redux,4.0.5,MIT,node_modules/redux/package.json,已安装依赖，含开发依赖；分发范围需结合锁文件和安装包确认
redux-logger,3.0.6,MIT,node_modules/redux-logger/package.json,已安装依赖，含开发依赖；分发范围需结合锁文件和安装包确认
redux-thunk,2.3.0,MIT,node_modules/redux-thunk/package.json,已安装依赖，含开发依赖；分发范围需结合锁文件和安装包确认
regenerate,1.4.2,MIT,node_modules/regenerate/package.json,已安装依赖，含开发依赖；分发范围需结合锁文件和安装包确认
regenerate-unicode-properties,10.1.0,MIT,node_modules/regenerate-unicode-properties/package.json,已安装依赖，含开发依赖；分发范围需结合锁文件和安装包确认
regenerate-unicode-properties,8.2.0,MIT,node_modules/@babel/preset-modules/node_modules/regenerate-unicode-properties/package.json,已安装依赖，含开发依赖；分发范围需结合锁文件和安装包确认
regenerator-runtime,0.13.10,MIT,node_modules/eslint-plugin-jsx-a11y/node_modules/regenerator-runtime/package.json,已安装依赖，含开发依赖；分发范围需结合锁文件和安装包确认
regenerator-runtime,0.13.7,MIT,node_modules/regenerator-runtime/package.json,已安装依赖，含开发依赖；分发范围需结合锁文件和安装包确认
regenerator-transform,0.15.0,MIT,node_modules/regenerator-transform/package.json,已安装依赖，含开发依赖；分发范围需结合锁文件和安装包确认
regex-cache,0.4.4,MIT,node_modules/regex-cache/package.json,已安装依赖，含开发依赖；分发范围需结合锁文件和安装包确认
regex-not,1.0.2,MIT,node_modules/regex-not/package.json,已安装依赖，含开发依赖；分发范围需结合锁文件和安装包确认
regexp.prototype.flags,1.4.3,MIT,node_modules/regexp.prototype.flags/package.json,已安装依赖，含开发依赖；分发范围需结合锁文件和安装包确认
regexpp,3.2.0,MIT,node_modules/regexpp/package.json,已安装依赖，含开发依赖；分发范围需结合锁文件和安装包确认
regexpu-core,4.7.1,MIT,node_modules/@babel/preset-modules/node_modules/regexpu-core/package.json,已安装依赖，含开发依赖；分发范围需结合锁文件和安装包确认
regexpu-core,5.2.1,MIT,node_modules/regexpu-core/package.json,已安装依赖，含开发依赖；分发范围需结合锁文件和安装包确认
registry-auth-token,3.4.0,MIT,node_modules/registry-auth-token/package.json,已安装依赖，含开发依赖；分发范围需结合锁文件和安装包确认
registry-auth-token,4.2.0,MIT,node_modules/electron-builder/node_modules/registry-auth-token/package.json,已安装依赖，含开发依赖；分发范围需结合锁文件和安装包确认
registry-url,3.1.0,MIT,node_modules/registry-url/package.json,已安装依赖，含开发依赖；分发范围需结合锁文件和安装包确认
registry-url,5.1.0,MIT,node_modules/electron-builder/node_modules/registry-url/package.json,已安装依赖，含开发依赖；分发范围需结合锁文件和安装包确认
regjsgen,0.5.2,MIT,node_modules/@babel/preset-modules/node_modules/regjsgen/package.json,已安装依赖，含开发依赖；分发范围需结合锁文件和安装包确认
regjsgen,0.7.1,MIT,node_modules/regjsgen/package.json,已安装依赖，含开发依赖；分发范围需结合锁文件和安装包确认
regjsparser,0.6.4,BSD-2-Clause,node_modules/@babel/preset-modules/node_modules/regjsparser/package.json,已安装依赖，含开发依赖；分发范围需结合锁文件和安装包确认
regjsparser,0.9.1,BSD-2-Clause,node_modules/regjsparser/package.json,已安装依赖，含开发依赖；分发范围需结合锁文件和安装包确认
relateurl,0.2.7,MIT,node_modules/relateurl/package.json,已安装依赖，含开发依赖；分发范围需结合锁文件和安装包确认
remark,8.0.0,MIT,node_modules/remark/package.json,已安装依赖，含开发依赖；分发范围需结合锁文件和安装包确认
remark-parse,4.0.0,MIT,node_modules/remark-parse/package.json,已安装依赖，含开发依赖；分发范围需结合锁文件和安装包确认
remark-stringify,4.0.0,MIT,node_modules/remark-stringify/package.json,已安装依赖，含开发依赖；分发范围需结合锁文件和安装包确认
remove-trailing-separator,1.1.0,ISC,node_modules/remove-trailing-separator/package.json,已安装依赖，含开发依赖；分发范围需结合锁文件和安装包确认
renderkid,3.0.0,MIT,node_modules/renderkid/package.json,已安装依赖，含开发依赖；分发范围需结合锁文件和安装包确认
repeat-element,1.1.4,MIT,node_modules/repeat-element/package.json,已安装依赖，含开发依赖；分发范围需结合锁文件和安装包确认
repeat-string,1.6.1,MIT,node_modules/repeat-string/package.json,已安装依赖，含开发依赖；分发范围需结合锁文件和安装包确认
repeating,2.0.1,MIT,node_modules/repeating/package.json,已安装依赖，含开发依赖；分发范围需结合锁文件和安装包确认
replace,1.2.1,MIT,node_modules/replace/package.json,已安装依赖，含开发依赖；分发范围需结合锁文件和安装包确认
replace-ext,1.0.0,MIT,node_modules/replace-ext/package.json,已安装依赖，含开发依赖；分发范围需结合锁文件和安装包确认
request,2.88.2,Apache-2.0,node_modules/request/package.json,已安装依赖，含开发依赖；分发范围需结合锁文件和安装包确认
require-directory,2.1.1,MIT,node_modules/require-directory/package.json,已安装依赖，含开发依赖；分发范围需结合锁文件和安装包确认
require-from-string,2.0.2,MIT,node_modules/require-from-string/package.json,已安装依赖，含开发依赖；分发范围需结合锁文件和安装包确认
require-main-filename,2.0.0,ISC,node_modules/require-main-filename/package.json,已安装依赖，含开发依赖；分发范围需结合锁文件和安装包确认
requires-port,1.0.0,MIT,node_modules/requires-port/package.json,已安装依赖，含开发依赖；分发范围需结合锁文件和安装包确认
reselect,4.0.0,MIT,node_modules/reselect/package.json,已安装依赖，含开发依赖；分发范围需结合锁文件和安装包确认
resolve,1.18.1,MIT,node_modules/resolve/package.json,已安装依赖，含开发依赖；分发范围需结合锁文件和安装包确认
resolve,1.19.0,MIT,node_modules/rechoir/node_modules/resolve/package.json,已安装依赖，含开发依赖；分发范围需结合锁文件和安装包确认
resolve,1.22.0,MIT,node_modules/eslint-import-resolver-node/node_modules/resolve/package.json,已安装依赖，含开发依赖；分发范围需结合锁文件和安装包确认
resolve,1.22.0,MIT,node_modules/eslint-import-resolver-webpack/node_modules/resolve/package.json,已安装依赖，含开发依赖；分发范围需结合锁文件和安装包确认
resolve,1.22.1,MIT,node_modules/@babel/helper-define-polyfill-provider/node_modules/resolve/package.json,已安装依赖，含开发依赖；分发范围需结合锁文件和安装包确认
resolve,1.22.1,MIT,node_modules/eslint-plugin-import/node_modules/resolve/package.json,已安装依赖，含开发依赖；分发范围需结合锁文件和安装包确认
resolve,2.0.0-next.3,MIT,node_modules/eslint-plugin-react/node_modules/resolve/package.json,已安装依赖，含开发依赖；分发范围需结合锁文件和安装包确认
resolve-cwd,2.0.0,MIT,node_modules/resolve-cwd/package.json,已安装依赖，含开发依赖；分发范围需结合锁文件和安装包确认
resolve-cwd,3.0.0,MIT,node_modules/webpack-cli/node_modules/resolve-cwd/package.json,已安装依赖，含开发依赖；分发范围需结合锁文件和安装包确认
resolve-from,3.0.0,MIT,node_modules/resolve-cwd/node_modules/resolve-from/package.json,已安装依赖，含开发依赖；分发范围需结合锁文件和安装包确认
resolve-from,4.0.0,MIT,node_modules/resolve-from/package.json,已安装依赖，含开发依赖；分发范围需结合锁文件和安装包确认
resolve-from,5.0.0,MIT,node_modules/stylelint/node_modules/resolve-from/package.json,已安装依赖，含开发依赖；分发范围需结合锁文件和安装包确认
resolve-from,5.0.0,MIT,node_modules/webpack-cli/node_modules/resolve-from/package.json,已安装依赖，含开发依赖；分发范围需结合锁文件和安装包确认
resolve-pathname,3.0.0,MIT,node_modules/resolve-pathname/package.json,已安装依赖，含开发依赖；分发范围需结合锁文件和安装包确认
resolve-url,0.2.1,MIT,node_modules/resolve-url/package.json,已安装依赖，含开发依赖；分发范围需结合锁文件和安装包确认
responselike,1.0.2,MIT,node_modules/responselike/package.json,已安装依赖，含开发依赖；分发范围需结合锁文件和安装包确认
restore-cursor,3.1.0,MIT,node_modules/restore-cursor/package.json,已安装依赖，含开发依赖；分发范围需结合锁文件和安装包确认
ret,0.1.15,MIT,node_modules/ret/package.json,已安装依赖，含开发依赖；分发范围需结合锁文件和安装包确认
retry,0.12.0,MIT,node_modules/retry/package.json,已安装依赖，含开发依赖；分发范围需结合锁文件和安装包确认
reusify,1.0.4,MIT,node_modules/reusify/package.json,已安装依赖，含开发依赖；分发范围需结合锁文件和安装包确认
rfdc,1.3.0,MIT,node_modules/rfdc/package.json,已安装依赖，含开发依赖；分发范围需结合锁文件和安装包确认
rimraf,2.6.3,ISC,node_modules/prettier-stylelint/node_modules/rimraf/package.json,已安装依赖，含开发依赖；分发范围需结合锁文件和安装包确认
rimraf,2.7.1,ISC,node_modules/del/node_modules/rimraf/package.json,已安装依赖，含开发依赖；分发范围需结合锁文件和安装包确认
rimraf,3.0.2,ISC,node_modules/rimraf/package.json,已安装依赖，含开发依赖；分发范围需结合锁文件和安装包确认
roarr,2.15.4,BSD-3-Clause,node_modules/roarr/package.json,已安装依赖，含开发依赖；分发范围需结合锁文件和安装包确认
roboto-fontface,0.10.0,Apache-2.0,node_modules/roboto-fontface/package.json,已安装依赖，含开发依赖；分发范围需结合锁文件和安装包确认
run-electron,1.0.0,MIT,node_modules/run-electron/package.json,已安装依赖，含开发依赖；分发范围需结合锁文件和安装包确认
run-parallel,1.1.10,MIT,node_modules/run-parallel/package.json,已安装依赖，含开发依赖；分发范围需结合锁文件和安装包确认
rxjs,7.5.6,Apache-2.0,node_modules/rxjs/package.json,已安装依赖，含开发依赖；分发范围需结合锁文件和安装包确认
rxjs,7.5.7,Apache-2.0,node_modules/listr2/node_modules/rxjs/package.json,已安装依赖，含开发依赖；分发范围需结合锁文件和安装包确认
safe-buffer,5.1.2,MIT,node_modules/compression/node_modules/safe-buffer/package.json,已安装依赖，含开发依赖；分发范围需结合锁文件和安装包确认
safe-buffer,5.1.2,MIT,node_modules/convert-source-map/node_modules/safe-buffer/package.json,已安装依赖，含开发依赖；分发范围需结合锁文件和安装包确认
safe-buffer,5.1.2,MIT,node_modules/readable-stream/node_modules/safe-buffer/package.json,已安装依赖，含开发依赖；分发范围需结合锁文件和安装包确认
safe-buffer,5.1.2,MIT,node_modules/string_decoder/node_modules/safe-buffer/package.json,已安装依赖，含开发依赖；分发范围需结合锁文件和安装包确认
safe-buffer,5.2.1,MIT,node_modules/safe-buffer/package.json,已安装依赖，含开发依赖；分发范围需结合锁文件和安装包确认
safe-regex,1.1.0,MIT,node_modules/safe-regex/package.json,已安装依赖，含开发依赖；分发范围需结合锁文件和安装包确认
safe-regex-test,1.0.0,MIT,node_modules/safe-regex-test/package.json,已安装依赖，含开发依赖；分发范围需结合锁文件和安装包确认
safer-buffer,2.1.2,MIT,node_modules/safer-buffer/package.json,已安装依赖，含开发依赖；分发范围需结合锁文件和安装包确认
sanitize-filename,1.6.3,WTFPL OR ISC,node_modules/sanitize-filename/package.json,已安装依赖，含开发依赖；分发范围需结合锁文件和安装包确认
sanitize-html,2.13.0,MIT,node_modules/sanitize-html/package.json,已安装依赖，含开发依赖；分发范围需结合锁文件和安装包确认
sass,1.54.4,MIT,node_modules/sass/package.json,已安装依赖，含开发依赖；分发范围需结合锁文件和安装包确认
sass-loader,13.0.2,MIT,node_modules/sass-loader/package.json,已安装依赖，含开发依赖；分发范围需结合锁文件和安装包确认
sax,1.2.4,ISC,node_modules/sax/package.json,已安装依赖，含开发依赖；分发范围需结合锁文件和安装包确认
scheduler,0.20.1,MIT,node_modules/scheduler/package.json,已安装依赖，含开发依赖；分发范围需结合锁文件和安装包确认
schema-utils,1.0.0,MIT,node_modules/webpack-dev-server/node_modules/schema-utils/package.json,已安装依赖，含开发依赖；分发范围需结合锁文件和安装包确认
schema-utils,2.7.1,MIT,node_modules/babel-loader/node_modules/schema-utils/package.json,已安装依赖，含开发依赖；分发范围需结合锁文件和安装包确认
schema-utils,3.0.0,MIT,node_modules/schema-utils/package.json,已安装依赖，含开发依赖；分发范围需结合锁文件和安装包确认
schema-utils,3.1.1,MIT,node_modules/terser-webpack-plugin/node_modules/schema-utils/package.json,已安装依赖，含开发依赖；分发范围需结合锁文件和安装包确认
schema-utils,3.1.1,MIT,node_modules/webpack/node_modules/terser-webpack-plugin/node_modules/schema-utils/package.json,已安装依赖，含开发依赖；分发范围需结合锁文件和安装包确认
schema-utils,3.3.0,MIT,node_modules/webpack/node_modules/schema-utils/package.json,已安装依赖，含开发依赖；分发范围需结合锁文件和安装包确认
schema-utils,4.0.0,MIT,node_modules/mini-css-extract-plugin/node_modules/schema-utils/package.json,已安装依赖，含开发依赖；分发范围需结合锁文件和安装包确认
select-hose,2.0.0,MIT,node_modules/select-hose/package.json,已安装依赖，含开发依赖；分发范围需结合锁文件和安装包确认
selfsigned,1.10.14,MIT,node_modules/selfsigned/package.json,已安装依赖，含开发依赖；分发范围需结合锁文件和安装包确认
semver,5.7.1,ISC,node_modules/@babel/register/node_modules/semver/package.json,已安装依赖，含开发依赖；分发范围需结合锁文件和安装包确认
semver,5.7.1,ISC,node_modules/default-gateway/node_modules/semver/package.json,已安装依赖，含开发依赖；分发范围需结合锁文件和安装包确认
semver,5.7.1,ISC,node_modules/electron-download/node_modules/semver/package.json,已安装依赖，含开发依赖；分发范围需结合锁文件和安装包确认
semver,5.7.1,ISC,node_modules/electron-is/node_modules/semver/package.json,已安装依赖，含开发依赖；分发范围需结合锁文件和安装包确认
semver,5.7.1,ISC,node_modules/eslint-import-resolver-webpack/node_modules/semver/package.json,已安装依赖，含开发依赖；分发范围需结合锁文件和安装包确认
semver,5.7.1,ISC,node_modules/find-cache-dir/node_modules/semver/package.json,已安装依赖，含开发依赖；分发范围需结合锁文件和安装包确认
semver,5.7.1,ISC,node_modules/macos-version/node_modules/semver/package.json,已安装依赖，含开发依赖；分发范围需结合锁文件和安装包确认
semver,5.7.1,ISC,node_modules/normalize-package-data/node_modules/semver/package.json,已安装依赖，含开发依赖；分发范围需结合锁文件和安装包确认
semver,5.7.1,ISC,node_modules/package-json/node_modules/semver/package.json,已安装依赖，含开发依赖；分发范围需结合锁文件和安装包确认
semver,5.7.1,ISC,node_modules/semver-diff/node_modules/semver/package.json,已安装依赖，含开发依赖；分发范围需结合锁文件和安装包确认
semver,5.7.1,ISC,node_modules/stylelint/node_modules/read-pkg/node_modules/semver/package.json,已安装依赖，含开发依赖；分发范围需结合锁文件和安装包确认
semver,6.3.0,ISC,node_modules/@babel/core/node_modules/semver/package.json,已安装依赖，含开发依赖；分发范围需结合锁文件和安装包确认
semver,6.3.0,ISC,node_modules/@babel/eslint-parser/node_modules/semver/package.json,已安装依赖，含开发依赖；分发范围需结合锁文件和安装包确认
semver,6.3.0,ISC,node_modules/@babel/helper-compilation-targets/node_modules/semver/package.json,已安装依赖，含开发依赖；分发范围需结合锁文件和安装包确认
semver,6.3.0,ISC,node_modules/@babel/helper-define-polyfill-provider/node_modules/semver/package.json,已安装依赖，含开发依赖；分发范围需结合锁文件和安装包确认
semver,6.3.0,ISC,node_modules/@babel/preset-env/node_modules/semver/package.json,已安装依赖，含开发依赖；分发范围需结合锁文件和安装包确认
semver,6.3.0,ISC,node_modules/@electron/get/node_modules/semver/package.json,已安装依赖，含开发依赖；分发范围需结合锁文件和安装包确认
semver,6.3.0,ISC,node_modules/babel-plugin-polyfill-corejs2/node_modules/semver/package.json,已安装依赖，含开发依赖；分发范围需结合锁文件和安装包确认
semver,6.3.0,ISC,node_modules/electron-builder/node_modules/package-json/node_modules/semver/package.json,已安装依赖，含开发依赖；分发范围需结合锁文件和安装包确认
semver,6.3.0,ISC,node_modules/electron-builder/node_modules/semver-diff/node_modules/semver/package.json,已安装依赖，含开发依赖；分发范围需结合锁文件和安装包确认
semver,6.3.0,ISC,node_modules/eslint-config-airbnb-base/node_modules/semver/package.json,已安装依赖，含开发依赖；分发范围需结合锁文件和安装包确认
semver,6.3.0,ISC,node_modules/eslint-plugin-jsx-a11y/node_modules/semver/package.json,已安装依赖，含开发依赖；分发范围需结合锁文件和安装包确认
semver,6.3.0,ISC,node_modules/eslint-plugin-react/node_modules/semver/package.json,已安装依赖，含开发依赖；分发范围需结合锁文件和安装包确认
semver,6.3.0,ISC,node_modules/make-dir/node_modules/semver/package.json,已安装依赖，含开发依赖；分发范围需结合锁文件和安装包确认
semver,6.3.0,ISC,node_modules/webpack-dev-server/node_modules/semver/package.json,已安装依赖，含开发依赖；分发范围需结合锁文件和安装包确认
semver,7.3.2,ISC,node_modules/electron-devtools-installer/node_modules/semver/package.json,已安装依赖，含开发依赖；分发范围需结合锁文件和安装包确认
semver,7.3.2,ISC,node_modules/global-agent/node_modules/semver/package.json,已安装依赖，含开发依赖；分发范围需结合锁文件和安装包确认
semver,7.3.2,ISC,node_modules/stylelint/node_modules/semver/package.json,已安装依赖，含开发依赖；分发范围需结合锁文件和安装包确认
semver,7.3.4,ISC,node_modules/electron-builder/node_modules/semver/package.json,已安装依赖，含开发依赖；分发范围需结合锁文件和安装包确认
semver,7.3.5,ISC,node_modules/css-loader/node_modules/semver/package.json,已安装依赖，含开发依赖；分发范围需结合锁文件和安装包确认
semver,7.3.5,ISC,node_modules/electron-updater/node_modules/semver/package.json,已安装依赖，含开发依赖；分发范围需结合锁文件和安装包确认
semver,7.3.5,ISC,node_modules/eslint-plugin-compat/node_modules/semver/package.json,已安装依赖，含开发依赖；分发范围需结合锁文件和安装包确认
semver,7.3.5,ISC,node_modules/node-abi/node_modules/semver/package.json,已安装依赖，含开发依赖；分发范围需结合锁文件和安装包确认
semver,7.3.7,ISC,node_modules/app-builder-lib/node_modules/semver/package.json,已安装依赖，含开发依赖；分发范围需结合锁文件和安装包确认
semver,7.3.8,ISC,node_modules/eslint-plugin-jsdoc/node_modules/semver/package.json,已安装依赖，含开发依赖；分发范围需结合锁文件和安装包确认
semver,7.6.0,ISC,node_modules/semver/package.json,已安装依赖，含开发依赖；分发范围需结合锁文件和安装包确认
semver-compare,1.0.0,MIT,node_modules/semver-compare/package.json,已安装依赖，含开发依赖；分发范围需结合锁文件和安装包确认
semver-diff,2.1.0,MIT,node_modules/semver-diff/package.json,已安装依赖，含开发依赖；分发范围需结合锁文件和安装包确认
semver-diff,3.1.1,MIT,node_modules/electron-builder/node_modules/semver-diff/package.json,已安装依赖，含开发依赖；分发范围需结合锁文件和安装包确认
semver-regex,3.1.4,MIT,node_modules/semver-regex/package.json,已安装依赖，含开发依赖；分发范围需结合锁文件和安装包确认
send,0.18.0,MIT,node_modules/send/package.json,已安装依赖，含开发依赖；分发范围需结合锁文件和安装包确认
serialize-error,7.0.1,MIT,node_modules/serialize-error/package.json,已安装依赖，含开发依赖；分发范围需结合锁文件和安装包确认
serialize-javascript,6.0.0,BSD-3-Clause,node_modules/serialize-javascript/package.json,已安装依赖，含开发依赖；分发范围需结合锁文件和安装包确认
serialize-javascript,6.0.2,BSD-3-Clause,node_modules/webpack/node_modules/serialize-javascript/package.json,已安装依赖，含开发依赖；分发范围需结合锁文件和安装包确认
serve-index,1.9.1,MIT,node_modules/serve-index/package.json,已安装依赖，含开发依赖；分发范围需结合锁文件和安装包确认
serve-static,1.15.0,MIT,node_modules/serve-static/package.json,已安装依赖，含开发依赖；分发范围需结合锁文件和安装包确认
set-blocking,2.0.0,ISC,node_modules/set-blocking/package.json,已安装依赖，含开发依赖；分发范围需结合锁文件和安装包确认
set-value,2.0.1,MIT,node_modules/set-value/package.json,已安装依赖，含开发依赖；分发范围需结合锁文件和安装包确认
setimmediate,1.0.5,MIT,node_modules/setimmediate/package.json,已安装依赖，含开发依赖；分发范围需结合锁文件和安装包确认
setprototypeof,1.1.0,ISC,node_modules/serve-index/node_modules/setprototypeof/package.json,已安装依赖，含开发依赖；分发范围需结合锁文件和安装包确认
setprototypeof,1.2.0,ISC,node_modules/setprototypeof/package.json,已安装依赖，含开发依赖；分发范围需结合锁文件和安装包确认
shallow-clone,3.0.1,MIT,node_modules/shallow-clone/package.json,已安装依赖，含开发依赖；分发范围需结合锁文件和安装包确认
shallowequal,1.1.0,MIT,node_modules/shallowequal/package.json,已安装依赖，含开发依赖；分发范围需结合锁文件和安装包确认
shebang-command,1.2.0,MIT,node_modules/shebang-command/package.json,已安装依赖，含开发依赖；分发范围需结合锁文件和安装包确认
shebang-command,2.0.0,MIT,node_modules/cross-spawn/node_modules/shebang-command/package.json,已安装依赖，含开发依赖；分发范围需结合锁文件和安装包确认
shebang-command,2.0.0,MIT,node_modules/dotenv-cli/node_modules/shebang-command/package.json,已安装依赖，含开发依赖；分发范围需结合锁文件和安装包确认
shebang-regex,1.0.0,MIT,node_modules/shebang-regex/package.json,已安装依赖，含开发依赖；分发范围需结合锁文件和安装包确认
shebang-regex,3.0.0,MIT,node_modules/cross-spawn/node_modules/shebang-regex/package.json,已安装依赖，含开发依赖；分发范围需结合锁文件和安装包确认
shebang-regex,3.0.0,MIT,node_modules/dotenv-cli/node_modules/shebang-regex/package.json,已安装依赖，含开发依赖；分发范围需结合锁文件和安装包确认
shell-quote,1.7.3,MIT,node_modules/shell-quote/package.json,已安装依赖，含开发依赖；分发范围需结合锁文件和安装包确认
side-channel,1.0.4,MIT,node_modules/side-channel/package.json,已安装依赖，含开发依赖；分发范围需结合锁文件和安装包确认
signal-exit,3.0.3,ISC,node_modules/signal-exit/package.json,已安装依赖，含开发依赖；分发范围需结合锁文件和安装包确认
signal-exit,3.0.7,ISC,node_modules/execa/node_modules/signal-exit/package.json,已安装依赖，含开发依赖；分发范围需结合锁文件和安装包确认
signal-exit,3.0.7,ISC,node_modules/write-file-atomic/node_modules/signal-exit/package.json,已安装依赖，含开发依赖；分发范围需结合锁文件和安装包确认
simple-concat,1.0.1,MIT,node_modules/simple-concat/package.json,已安装依赖，含开发依赖；分发范围需结合锁文件和安装包确认
simple-get,4.0.1,MIT,node_modules/simple-get/package.json,已安装依赖，含开发依赖；分发范围需结合锁文件和安装包确认
single-line-log,1.1.2,MIT,node_modules/single-line-log/package.json,已安装依赖，含开发依赖；分发范围需结合锁文件和安装包确认
slash,1.0.0,MIT,node_modules/prettier-stylelint/node_modules/slash/package.json,已安装依赖，含开发依赖；分发范围需结合锁文件和安装包确认
slash,3.0.0,MIT,node_modules/slash/package.json,已安装依赖，含开发依赖；分发范围需结合锁文件和安装包确认
slash,4.0.0,MIT,node_modules/zx/node_modules/slash/package.json,已安装依赖，含开发依赖；分发范围需结合锁文件和安装包确认
slice-ansi,1.0.0,MIT,node_modules/prettier-stylelint/node_modules/slice-ansi/package.json,已安装依赖，含开发依赖；分发范围需结合锁文件和安装包确认
slice-ansi,3.0.0,MIT,node_modules/cli-truncate/node_modules/slice-ansi/package.json,已安装依赖，含开发依赖；分发范围需结合锁文件和安装包确认
slice-ansi,4.0.0,MIT,node_modules/slice-ansi/package.json,已安装依赖，含开发依赖；分发范围需结合锁文件和安装包确认
slice-ansi,5.0.0,MIT,node_modules/lint-staged/node_modules/slice-ansi/package.json,已安装依赖，含开发依赖；分发范围需结合锁文件和安装包确认
smart-buffer,4.2.0,MIT,node_modules/smart-buffer/package.json,已安装依赖，含开发依赖；分发范围需结合锁文件和安装包确认
snapdragon,0.8.2,MIT,node_modules/snapdragon/package.json,已安装依赖，含开发依赖；分发范围需结合锁文件和安装包确认
snapdragon-node,2.1.1,MIT,node_modules/snapdragon-node/package.json,已安装依赖，含开发依赖；分发范围需结合锁文件和安装包确认
snapdragon-util,3.0.1,MIT,node_modules/snapdragon-util/package.json,已安装依赖，含开发依赖；分发范围需结合锁文件和安装包确认
sockjs,0.3.24,MIT,node_modules/sockjs/package.json,已安装依赖，含开发依赖；分发范围需结合锁文件和安装包确认
sockjs-client,1.6.1,MIT,node_modules/sockjs-client/package.json,已安装依赖，含开发依赖；分发范围需结合锁文件和安装包确认
source-list-map,2.0.1,MIT,node_modules/source-list-map/package.json,已安装依赖，含开发依赖；分发范围需结合锁文件和安装包确认
source-map,0.5.7,BSD-3-Clause,node_modules/babel-eslint/node_modules/source-map/package.json,已安装依赖，含开发依赖；分发范围需结合锁文件和安装包确认
source-map,0.5.7,BSD-3-Clause,node_modules/postcss-less/node_modules/source-map/package.json,已安装依赖，含开发依赖；分发范围需结合锁文件和安装包确认
source-map,0.5.7,BSD-3-Clause,node_modules/snapdragon/node_modules/source-map/package.json,已安装依赖，含开发依赖；分发范围需结合锁文件和安装包确认
source-map,0.5.7,BSD-3-Clause,node_modules/styled-components/node_modules/source-map/package.json,已安装依赖，含开发依赖；分发范围需结合锁文件和安装包确认
source-map,0.6.1,BSD-3-Clause,node_modules/source-map/package.json,已安装依赖，含开发依赖；分发范围需结合锁文件和安装包确认
source-map,0.7.3,BSD-3-Clause,node_modules/@types/webpack-sources/node_modules/source-map/package.json,已安装依赖，含开发依赖；分发范围需结合锁文件和安装包确认
source-map,0.7.3,BSD-3-Clause,node_modules/react-hot-loader/node_modules/source-map/package.json,已安装依赖，含开发依赖；分发范围需结合锁文件和安装包确认
source-map-js,1.0.2,BSD-3-Clause,node_modules/source-map-js/package.json,已安装依赖，含开发依赖；分发范围需结合锁文件和安装包确认
source-map-resolve,0.5.3,MIT,node_modules/source-map-resolve/package.json,已安装依赖，含开发依赖；分发范围需结合锁文件和安装包确认
source-map-support,0.5.19,MIT,node_modules/@babel/register/node_modules/source-map-support/package.json,已安装依赖，含开发依赖；分发范围需结合锁文件和安装包确认
source-map-support,0.5.19,MIT,node_modules/builder-util/node_modules/source-map-support/package.json,已安装依赖，含开发依赖；分发范围需结合锁文件和安装包确认
source-map-support,0.5.21,MIT,node_modules/source-map-support/package.json,已安装依赖，含开发依赖；分发范围需结合锁文件和安装包确认
source-map-url,0.4.1,MIT,node_modules/source-map-url/package.json,已安装依赖，含开发依赖；分发范围需结合锁文件和安装包确认
spawn-command,0.0.2-1,MIT,node_modules/spawn-command/package.json,已安装依赖，含开发依赖；分发范围需结合锁文件和安装包确认
spdx-correct,3.1.1,Apache-2.0,node_modules/spdx-correct/package.json,已安装依赖，含开发依赖；分发范围需结合锁文件和安装包确认
spdx-exceptions,2.3.0,CC-BY-3.0,node_modules/spdx-exceptions/package.json,已安装依赖，含开发依赖；分发范围需结合锁文件和安装包确认
spdx-expression-parse,3.0.1,MIT,node_modules/spdx-expression-parse/package.json,已安装依赖，含开发依赖；分发范围需结合锁文件和安装包确认
spdx-license-ids,3.0.6,CC0-1.0,node_modules/spdx-license-ids/package.json,已安装依赖，含开发依赖；分发范围需结合锁文件和安装包确认
spdy,4.0.2,MIT,node_modules/spdy/package.json,已安装依赖，含开发依赖；分发范围需结合锁文件和安装包确认
spdy-transport,3.0.0,MIT,node_modules/spdy-transport/package.json,已安装依赖，含开发依赖；分发范围需结合锁文件和安装包确认
specificity,0.3.2,MIT,node_modules/specificity/package.json,已安装依赖，含开发依赖；分发范围需结合锁文件和安装包确认
speedometer,0.1.4,未声明,node_modules/speedometer/package.json,已安装依赖，含开发依赖；分发范围需结合锁文件和安装包确认
split,0.3.3,MIT,node_modules/split/package.json,已安装依赖，含开发依赖；分发范围需结合锁文件和安装包确认
split-string,3.1.0,MIT,node_modules/split-string/package.json,已安装依赖，含开发依赖；分发范围需结合锁文件和安装包确认
split2,3.2.2,ISC,node_modules/split2/package.json,已安装依赖，含开发依赖；分发范围需结合锁文件和安装包确认
sprintf-js,1.0.3,BSD-3-Clause,node_modules/sprintf-js/package.json,已安装依赖，含开发依赖；分发范围需结合锁文件和安装包确认
sprintf-js,1.1.2,BSD-3-Clause,node_modules/roarr/node_modules/sprintf-js/package.json,已安装依赖，含开发依赖；分发范围需结合锁文件和安装包确认
sshpk,1.16.1,MIT,node_modules/sshpk/package.json,已安装依赖，含开发依赖；分发范围需结合锁文件和安装包确认
stable,0.1.8,MIT,node_modules/stable/package.json,已安装依赖，含开发依赖；分发范围需结合锁文件和安装包确认
stat-mode,1.0.0,MIT,node_modules/stat-mode/package.json,已安装依赖，含开发依赖；分发范围需结合锁文件和安装包确认
state-toggle,1.0.3,MIT,node_modules/state-toggle/package.json,已安装依赖，含开发依赖；分发范围需结合锁文件和安装包确认
static-extend,0.1.2,MIT,node_modules/static-extend/package.json,已安装依赖，含开发依赖；分发范围需结合锁文件和安装包确认
statuses,1.5.0,MIT,node_modules/serve-index/node_modules/statuses/package.json,已安装依赖，含开发依赖；分发范围需结合锁文件和安装包确认
statuses,2.0.1,MIT,node_modules/statuses/package.json,已安装依赖，含开发依赖；分发范围需结合锁文件和安装包确认
stream-combiner,0.0.4,MIT,node_modules/stream-combiner/package.json,已安装依赖，含开发依赖；分发范围需结合锁文件和安装包确认
stream-shift,1.0.1,MIT,node_modules/stream-shift/package.json,已安装依赖，含开发依赖；分发范围需结合锁文件和安装包确认
string-argv,0.3.1,MIT,node_modules/string-argv/package.json,已安装依赖，含开发依赖；分发范围需结合锁文件和安装包确认
string-width,1.0.2,MIT,node_modules/gauge/node_modules/string-width/package.json,已安装依赖，含开发依赖；分发范围需结合锁文件和安装包确认
string-width,1.0.2,MIT,node_modules/single-line-log/node_modules/string-width/package.json,已安装依赖，含开发依赖；分发范围需结合锁文件和安装包确认
string-width,2.1.1,MIT,node_modules/ansi-align/node_modules/string-width/package.json,已安装依赖，含开发依赖；分发范围需结合锁文件和安装包确认
string-width,2.1.1,MIT,node_modules/boxen/node_modules/string-width/package.json,已安装依赖，含开发依赖；分发范围需结合锁文件和安装包确认
string-width,2.1.1,MIT,node_modules/prettier-stylelint/node_modules/string-width/package.json,已安装依赖，含开发依赖；分发范围需结合锁文件和安装包确认
string-width,2.1.1,MIT,node_modules/widest-line/node_modules/string-width/package.json,已安装依赖，含开发依赖；分发范围需结合锁文件和安装包确认
string-width,3.1.0,MIT,node_modules/electron-builder/node_modules/ansi-align/node_modules/string-width/package.json,已安装依赖，含开发依赖；分发范围需结合锁文件和安装包确认
string-width,3.1.0,MIT,node_modules/yargs/node_modules/string-width/package.json,已安装依赖，含开发依赖；分发范围需结合锁文件和安装包确认
string-width,4.2.0,MIT,node_modules/electron-builder/node_modules/widest-line/node_modules/string-width/package.json,已安装依赖，含开发依赖；分发范围需结合锁文件和安装包确认
string-width,4.2.0,MIT,node_modules/string-width/package.json,已安装依赖，含开发依赖；分发范围需结合锁文件和安装包确认
string-width,4.2.3,MIT,node_modules/concurrently/node_modules/string-width/package.json,已安装依赖，含开发依赖；分发范围需结合锁文件和安装包确认
string-width,4.2.3,MIT,node_modules/electron-builder/node_modules/string-width/package.json,已安装依赖，含开发依赖；分发范围需结合锁文件和安装包确认
string-width,4.2.3,MIT,node_modules/stylelint/node_modules/string-width/package.json,已安装依赖，含开发依赖；分发范围需结合锁文件和安装包确认
string-width,4.2.3,MIT,node_modules/table/node_modules/string-width/package.json,已安装依赖，含开发依赖；分发范围需结合锁文件和安装包确认
string-width,4.2.3,MIT,node_modules/wide-align/node_modules/string-width/package.json,已安装依赖，含开发依赖；分发范围需结合锁文件和安装包确认
string-width,5.1.0,MIT,node_modules/lint-staged/node_modules/string-width/package.json,已安装依赖，含开发依赖；分发范围需结合锁文件和安装包确认
string.prototype.matchall,4.0.8,MIT,node_modules/string.prototype.matchall/package.json,已安装依赖，含开发依赖；分发范围需结合锁文件和安装包确认
string.prototype.trimend,1.0.2,MIT,node_modules/is-typed-array/node_modules/string.prototype.trimend/package.json,已安装依赖，含开发依赖；分发范围需结合锁文件和安装包确认
string.prototype.trimend,1.0.2,MIT,node_modules/jsx-ast-utils/node_modules/string.prototype.trimend/package.json,已安装依赖，含开发依赖；分发范围需结合锁文件和安装包确认
string.prototype.trimend,1.0.2,MIT,node_modules/string.prototype.trimstart/node_modules/string.prototype.trimend/package.json,已安装依赖，含开发依赖；分发范围需结合锁文件和安装包确认
string.prototype.trimend,1.0.2,MIT,node_modules/which-typed-array/node_modules/string.prototype.trimend/package.json,已安装依赖，含开发依赖；分发范围需结合锁文件和安装包确认
string.prototype.trimend,1.0.4,MIT,node_modules/string.prototype.trimend/package.json,已安装依赖，含开发依赖；分发范围需结合锁文件和安装包确认
string.prototype.trimend,1.0.6,MIT,node_modules/array-includes/node_modules/string.prototype.trimend/package.json,已安装依赖，含开发依赖；分发范围需结合锁文件和安装包确认
string.prototype.trimend,1.0.6,MIT,node_modules/array.prototype.flatmap/node_modules/string.prototype.trimend/package.json,已安装依赖，含开发依赖；分发范围需结合锁文件和安装包确认
string.prototype.trimend,1.0.6,MIT,node_modules/object.hasown/node_modules/string.prototype.trimend/package.json,已安装依赖，含开发依赖；分发范围需结合锁文件和安装包确认
string.prototype.trimend,1.0.6,MIT,node_modules/string.prototype.matchall/node_modules/string.prototype.trimend/package.json,已安装依赖，含开发依赖；分发范围需结合锁文件和安装包确认
string.prototype.trimstart,1.0.2,MIT,node_modules/string.prototype.trimstart/package.json,已安装依赖，含开发依赖；分发范围需结合锁文件和安装包确认
string.prototype.trimstart,1.0.4,MIT,node_modules/es-abstract/node_modules/string.prototype.trimstart/package.json,已安装依赖，含开发依赖；分发范围需结合锁文件和安装包确认
string.prototype.trimstart,1.0.6,MIT,node_modules/array-includes/node_modules/string.prototype.trimstart/package.json,已安装依赖，含开发依赖；分发范围需结合锁文件和安装包确认
string.prototype.trimstart,1.0.6,MIT,node_modules/array.prototype.flatmap/node_modules/string.prototype.trimstart/package.json,已安装依赖，含开发依赖；分发范围需结合锁文件和安装包确认
string.prototype.trimstart,1.0.6,MIT,node_modules/object.hasown/node_modules/string.prototype.trimstart/package.json,已安装依赖，含开发依赖；分发范围需结合锁文件和安装包确认
string.prototype.trimstart,1.0.6,MIT,node_modules/string.prototype.matchall/node_modules/string.prototype.trimstart/package.json,已安装依赖，含开发依赖；分发范围需结合锁文件和安装包确认
string_decoder,0.10.31,MIT,node_modules/progress-stream/node_modules/string_decoder/package.json,已安装依赖，含开发依赖；分发范围需结合锁文件和安装包确认
string_decoder,1.1.1,MIT,node_modules/string_decoder/package.json,已安装依赖，含开发依赖；分发范围需结合锁文件和安装包确认
string_decoder,1.3.0,MIT,node_modules/bl/node_modules/string_decoder/package.json,已安装依赖，含开发依赖；分发范围需结合锁文件和安装包确认
string_decoder,1.3.0,MIT,node_modules/prettier-stylelint/node_modules/string_decoder/package.json,已安装依赖，含开发依赖；分发范围需结合锁文件和安装包确认
string_decoder,1.3.0,MIT,node_modules/spdy-transport/node_modules/string_decoder/package.json,已安装依赖，含开发依赖；分发范围需结合锁文件和安装包确认
string_decoder,1.3.0,MIT,node_modules/split2/node_modules/string_decoder/package.json,已安装依赖，含开发依赖；分发范围需结合锁文件和安装包确认
string_decoder,1.3.0,MIT,node_modules/tar-stream/node_modules/string_decoder/package.json,已安装依赖，含开发依赖；分发范围需结合锁文件和安装包确认
stringify-entities,1.3.2,MIT,node_modules/stringify-entities/package.json,已安装依赖，含开发依赖；分发范围需结合锁文件和安装包确认
strip-ansi,3.0.1,MIT,node_modules/gauge/node_modules/strip-ansi/package.json,已安装依赖，含开发依赖；分发范围需结合锁文件和安装包确认
strip-ansi,3.0.1,MIT,node_modules/postcss-less/node_modules/strip-ansi/package.json,已安装依赖，含开发依赖；分发范围需结合锁文件和安装包确认
strip-ansi,3.0.1,MIT,node_modules/single-line-log/node_modules/strip-ansi/package.json,已安装依赖，含开发依赖；分发范围需结合锁文件和安装包确认
strip-ansi,3.0.1,MIT,node_modules/webpack-dev-server/node_modules/strip-ansi/package.json,已安装依赖，含开发依赖；分发范围需结合锁文件和安装包确认
strip-ansi,4.0.0,MIT,node_modules/ansi-align/node_modules/strip-ansi/package.json,已安装依赖，含开发依赖；分发范围需结合锁文件和安装包确认
strip-ansi,4.0.0,MIT,node_modules/boxen/node_modules/strip-ansi/package.json,已安装依赖，含开发依赖；分发范围需结合锁文件和安装包确认
strip-ansi,4.0.0,MIT,node_modules/prettier-stylelint/node_modules/strip-ansi/package.json,已安装依赖，含开发依赖；分发范围需结合锁文件和安装包确认
strip-ansi,4.0.0,MIT,node_modules/widest-line/node_modules/strip-ansi/package.json,已安装依赖，含开发依赖；分发范围需结合锁文件和安装包确认
strip-ansi,5.2.0,MIT,node_modules/electron-builder/node_modules/ansi-align/node_modules/strip-ansi/package.json,已安装依赖，含开发依赖；分发范围需结合锁文件和安装包确认
strip-ansi,5.2.0,MIT,node_modules/yargs/node_modules/strip-ansi/package.json,已安装依赖，含开发依赖；分发范围需结合锁文件和安装包确认
strip-ansi,6.0.0,MIT,node_modules/electron-builder/node_modules/widest-line/node_modules/strip-ansi/package.json,已安装依赖，含开发依赖；分发范围需结合锁文件和安装包确认
strip-ansi,6.0.0,MIT,node_modules/strip-ansi/package.json,已安装依赖，含开发依赖；分发范围需结合锁文件和安装包确认
strip-ansi,6.0.1,MIT,node_modules/concurrently/node_modules/strip-ansi/package.json,已安装依赖，含开发依赖；分发范围需结合锁文件和安装包确认
strip-ansi,6.0.1,MIT,node_modules/electron-builder/node_modules/strip-ansi/package.json,已安装依赖，含开发依赖；分发范围需结合锁文件和安装包确认
strip-ansi,6.0.1,MIT,node_modules/eslint/node_modules/strip-ansi/package.json,已安装依赖，含开发依赖；分发范围需结合锁文件和安装包确认
strip-ansi,6.0.1,MIT,node_modules/renderkid/node_modules/strip-ansi/package.json,已安装依赖，含开发依赖；分发范围需结合锁文件和安装包确认
strip-ansi,6.0.1,MIT,node_modules/stylelint/node_modules/strip-ansi/package.json,已安装依赖，含开发依赖；分发范围需结合锁文件和安装包确认
strip-ansi,6.0.1,MIT,node_modules/table/node_modules/strip-ansi/package.json,已安装依赖，含开发依赖；分发范围需结合锁文件和安装包确认
strip-ansi,6.0.1,MIT,node_modules/wide-align/node_modules/strip-ansi/package.json,已安装依赖，含开发依赖；分发范围需结合锁文件和安装包确认
strip-ansi,7.0.1,MIT,node_modules/lint-staged/node_modules/strip-ansi/package.json,已安装依赖，含开发依赖；分发范围需结合锁文件和安装包确认
strip-bom,2.0.0,MIT,node_modules/load-json-file/node_modules/strip-bom/package.json,已安装依赖，含开发依赖；分发范围需结合锁文件和安装包确认
strip-bom,3.0.0,MIT,node_modules/strip-bom/package.json,已安装依赖，含开发依赖；分发范围需结合锁文件和安装包确认
strip-eof,1.0.0,MIT,node_modules/strip-eof/package.json,已安装依赖，含开发依赖；分发范围需结合锁文件和安装包确认
strip-final-newline,3.0.0,MIT,node_modules/strip-final-newline/package.json,已安装依赖，含开发依赖；分发范围需结合锁文件和安装包确认
strip-indent,1.0.1,MIT,node_modules/strip-indent/package.json,已安装依赖，含开发依赖；分发范围需结合锁文件和安装包确认
strip-indent,2.0.0,MIT,node_modules/prettier-stylelint/node_modules/strip-indent/package.json,已安装依赖，含开发依赖；分发范围需结合锁文件和安装包确认
strip-indent,3.0.0,MIT,node_modules/stylelint/node_modules/strip-indent/package.json,已安装依赖，含开发依赖；分发范围需结合锁文件和安装包确认
strip-json-comments,2.0.1,MIT,node_modules/rc/node_modules/strip-json-comments/package.json,已安装依赖，含开发依赖；分发范围需结合锁文件和安装包确认
strip-json-comments,3.1.1,MIT,node_modules/strip-json-comments/package.json,已安装依赖，含开发依赖；分发范围需结合锁文件和安装包确认
style-loader,3.3.1,MIT,node_modules/style-loader/package.json,已安装依赖，含开发依赖；分发范围需结合锁文件和安装包确认
style-search,0.1.0,ISC,node_modules/style-search/package.json,已安装依赖，含开发依赖；分发范围需结合锁文件和安装包确认
styled-components,4.4.1,MIT,node_modules/styled-components/package.json,已安装依赖，含开发依赖；分发范围需结合锁文件和安装包确认
stylehacks,5.0.3,MIT,node_modules/optimize-css-assets-webpack-plugin/node_modules/stylehacks/package.json,已安装依赖，含开发依赖；分发范围需结合锁文件和安装包确认
stylelint,14.15.0,MIT,node_modules/stylelint/package.json,已安装依赖，含开发依赖；分发范围需结合锁文件和安装包确认
stylelint,8.0.0,MIT,node_modules/prettier-stylelint/fixtures/find-package/node_modules/stylelint/package.json,已安装依赖，含开发依赖；分发范围需结合锁文件和安装包确认
stylelint,8.4.0,MIT,node_modules/prettier-stylelint/node_modules/stylelint/package.json,已安装依赖，含开发依赖；分发范围需结合锁文件和安装包确认
stylelint-config-prettier,9.0.4,MIT,node_modules/stylelint-config-prettier/package.json,已安装依赖，含开发依赖；分发范围需结合锁文件和安装包确认
stylelint-config-recommended,9.0.0,MIT,node_modules/stylelint-config-recommended/package.json,已安装依赖，含开发依赖；分发范围需结合锁文件和安装包确认
stylelint-config-standard,29.0.0,MIT,node_modules/stylelint-config-standard/package.json,已安装依赖，含开发依赖；分发范围需结合锁文件和安装包确认
stylis,3.5.4,MIT,node_modules/stylis/package.json,已安装依赖，含开发依赖；分发范围需结合锁文件和安装包确认
stylis-rule-sheet,0.0.10,MIT,node_modules/stylis-rule-sheet/package.json,已安装依赖，含开发依赖；分发范围需结合锁文件和安装包确认
sugarss,1.0.1,MIT,node_modules/sugarss/package.json,已安装依赖，含开发依赖；分发范围需结合锁文件和安装包确认
sumchecker,2.0.2,Apache-2.0,node_modules/sumchecker/package.json,已安装依赖，含开发依赖；分发范围需结合锁文件和安装包确认
sumchecker,3.0.1,Apache-2.0,node_modules/@electron/get/node_modules/sumchecker/package.json,已安装依赖，含开发依赖；分发范围需结合锁文件和安装包确认
supports-color,2.0.0,MIT,node_modules/postcss-less/node_modules/chalk/node_modules/supports-color/package.json,已安装依赖，含开发依赖；分发范围需结合锁文件和安装包确认
supports-color,3.2.3,MIT,node_modules/postcss-less/node_modules/supports-color/package.json,已安装依赖，含开发依赖；分发范围需结合锁文件和安装包确认
supports-color,5.5.0,MIT,node_modules/@babel/core/node_modules/supports-color/package.json,已安装依赖，含开发依赖；分发范围需结合锁文件和安装包确认
supports-color,5.5.0,MIT,node_modules/@babel/highlight/node_modules/supports-color/package.json,已安装依赖，含开发依赖；分发范围需结合锁文件和安装包确认
supports-color,5.5.0,MIT,node_modules/@babel/template/node_modules/supports-color/package.json,已安装依赖，含开发依赖；分发范围需结合锁文件和安装包确认
supports-color,5.5.0,MIT,node_modules/@babel/traverse/node_modules/supports-color/package.json,已安装依赖，含开发依赖；分发范围需结合锁文件和安装包确认
supports-color,5.5.0,MIT,node_modules/autoprefixer/node_modules/supports-color/package.json,已安装依赖，含开发依赖；分发范围需结合锁文件和安装包确认
supports-color,5.5.0,MIT,node_modules/boxen/node_modules/supports-color/package.json,已安装依赖，含开发依赖；分发范围需结合锁文件和安装包确认
supports-color,5.5.0,MIT,node_modules/log-symbols/node_modules/supports-color/package.json,已安装依赖，含开发依赖；分发范围需结合锁文件和安装包确认
supports-color,5.5.0,MIT,node_modules/postcss-reporter/node_modules/supports-color/package.json,已安装依赖，含开发依赖；分发范围需结合锁文件和安装包确认
supports-color,5.5.0,MIT,node_modules/postcss-safe-parser/node_modules/supports-color/package.json,已安装依赖，含开发依赖；分发范围需结合锁文件和安装包确认
supports-color,5.5.0,MIT,node_modules/postcss-sass/node_modules/supports-color/package.json,已安装依赖，含开发依赖；分发范围需结合锁文件和安装包确认
supports-color,5.5.0,MIT,node_modules/postcss-scss/node_modules/supports-color/package.json,已安装依赖，含开发依赖；分发范围需结合锁文件和安装包确认
supports-color,5.5.0,MIT,node_modules/prettier-stylelint/node_modules/supports-color/package.json,已安装依赖，含开发依赖；分发范围需结合锁文件和安装包确认
supports-color,5.5.0,MIT,node_modules/replace/node_modules/supports-color/package.json,已安装依赖，含开发依赖；分发范围需结合锁文件和安装包确认
supports-color,5.5.0,MIT,node_modules/styled-components/node_modules/supports-color/package.json,已安装依赖，含开发依赖；分发范围需结合锁文件和安装包确认
supports-color,5.5.0,MIT,node_modules/sugarss/node_modules/supports-color/package.json,已安装依赖，含开发依赖；分发范围需结合锁文件和安装包确认
supports-color,5.5.0,MIT,node_modules/update-notifier/node_modules/supports-color/package.json,已安装依赖，含开发依赖；分发范围需结合锁文件和安装包确认
supports-color,5.5.0,MIT,node_modules/webpack-bundle-analyzer/node_modules/supports-color/package.json,已安装依赖，含开发依赖；分发范围需结合锁文件和安装包确认
supports-color,6.1.0,MIT,node_modules/webpack-dev-server/node_modules/supports-color/package.json,已安装依赖，含开发依赖；分发范围需结合锁文件和安装包确认
supports-color,7.2.0,MIT,node_modules/supports-color/package.json,已安装依赖，含开发依赖；分发范围需结合锁文件和安装包确认
supports-color,8.1.1,MIT,node_modules/concurrently/node_modules/supports-color/package.json,已安装依赖，含开发依赖；分发范围需结合锁文件和安装包确认
supports-color,8.1.1,MIT,node_modules/jest-worker/node_modules/supports-color/package.json,已安装依赖，含开发依赖；分发范围需结合锁文件和安装包确认
supports-hyperlinks,2.1.0,MIT,node_modules/supports-hyperlinks/package.json,已安装依赖，含开发依赖；分发范围需结合锁文件和安装包确认
supports-hyperlinks,2.3.0,MIT,node_modules/stylelint/node_modules/supports-hyperlinks/package.json,已安装依赖，含开发依赖；分发范围需结合锁文件和安装包确认
supports-preserve-symlinks-flag,1.0.0,MIT,node_modules/supports-preserve-symlinks-flag/package.json,已安装依赖，含开发依赖；分发范围需结合锁文件和安装包确认
svg-tags,1.0.0,"[{""type"": ""MIT"", ""url"": ""http://www.opensource.org/licenses/MIT""}]",node_modules/svg-tags/package.json,已安装依赖，含开发依赖；分发范围需结合锁文件和安装包确认
svgo,2.8.0,MIT,node_modules/svgo/package.json,已安装依赖，含开发依赖；分发范围需结合锁文件和安装包确认
symbol-observable,1.2.0,MIT,node_modules/symbol-observable/package.json,已安装依赖，含开发依赖；分发范围需结合锁文件和安装包确认
table,4.0.3,BSD-3-Clause,node_modules/prettier-stylelint/node_modules/table/package.json,已安装依赖，含开发依赖；分发范围需结合锁文件和安装包确认
table,6.8.1,BSD-3-Clause,node_modules/table/package.json,已安装依赖，含开发依赖；分发范围需结合锁文件和安装包确认
tapable,0.1.10,MIT,node_modules/enhanced-resolve/node_modules/tapable/package.json,已安装依赖，含开发依赖；分发范围需结合锁文件和安装包确认
tapable,2.2.1,MIT,node_modules/tapable/package.json,已安装依赖，含开发依赖；分发范围需结合锁文件和安装包确认
tar,6.1.11,ISC,node_modules/tar/package.json,已安装依赖，含开发依赖；分发范围需结合锁文件和安装包确认
tar-fs,2.1.1,MIT,node_modules/tar-fs/package.json,已安装依赖，含开发依赖；分发范围需结合锁文件和安装包确认
tar-stream,2.2.0,MIT,node_modules/tar-stream/package.json,已安装依赖，含开发依赖；分发范围需结合锁文件和安装包确认
temp-dir,1.0.0,MIT,node_modules/temp-dir/package.json,已安装依赖，含开发依赖；分发范围需结合锁文件和安装包确认
temp-file,3.4.0,MIT,node_modules/temp-file/package.json,已安装依赖，含开发依赖；分发范围需结合锁文件和安装包确认
temp-write,3.4.0,MIT,node_modules/temp-write/package.json,已安装依赖，含开发依赖；分发范围需结合锁文件和安装包确认
tempy,0.2.1,MIT,node_modules/tempy/package.json,已安装依赖，含开发依赖；分发范围需结合锁文件和安装包确认
term-size,1.2.0,MIT,node_modules/term-size/package.json,已安装依赖，含开发依赖；分发范围需结合锁文件和安装包确认
terser,5.15.1,BSD-2-Clause,node_modules/terser/package.json,已安装依赖，含开发依赖；分发范围需结合锁文件和安装包确认
terser,5.30.4,BSD-2-Clause,node_modules/webpack/node_modules/terser/package.json,已安装依赖，含开发依赖；分发范围需结合锁文件和安装包确认
terser-webpack-plugin,5.3.10,MIT,node_modules/webpack/node_modules/terser-webpack-plugin/package.json,已安装依赖，含开发依赖；分发范围需结合锁文件和安装包确认
terser-webpack-plugin,5.3.6,MIT,node_modules/terser-webpack-plugin/package.json,已安装依赖，含开发依赖；分发范围需结合锁文件和安装包确认
text-table,0.2.0,MIT,node_modules/text-table/package.json,已安装依赖，含开发依赖；分发范围需结合锁文件和安装包确认
throttleit,0.0.2,MIT,node_modules/throttleit/package.json,已安装依赖，含开发依赖；分发范围需结合锁文件和安装包确认
through,2.3.8,MIT,node_modules/through/package.json,已安装依赖，含开发依赖；分发范围需结合锁文件和安装包确认
through2,0.2.3,MIT,node_modules/progress-stream/node_modules/through2/package.json,已安装依赖，含开发依赖；分发范围需结合锁文件和安装包确认
through2,2.0.5,MIT,node_modules/through2/package.json,已安装依赖，含开发依赖；分发范围需结合锁文件和安装包确认
through2-filter,3.0.0,MIT,node_modules/through2-filter/package.json,已安装依赖，含开发依赖；分发范围需结合锁文件和安装包确认
through2-map,3.0.0,MIT,node_modules/through2-map/package.json,已安装依赖，含开发依赖；分发范围需结合锁文件和安装包确认
thunky,1.1.0,MIT,node_modules/thunky/package.json,已安装依赖，含开发依赖；分发范围需结合锁文件和安装包确认
timed-out,4.0.1,MIT,node_modules/timed-out/package.json,已安装依赖，含开发依赖；分发范围需结合锁文件和安装包确认
timsort,0.3.0,MIT,node_modules/timsort/package.json,已安装依赖，含开发依赖；分发范围需结合锁文件和安装包确认
tiny-invariant,1.1.0,MIT,node_modules/tiny-invariant/package.json,已安装依赖，含开发依赖；分发范围需结合锁文件和安装包确认
tiny-warning,1.0.3,MIT,node_modules/tiny-warning/package.json,已安装依赖，含开发依赖；分发范围需结合锁文件和安装包确认
tmp,0.2.1,MIT,node_modules/tmp/package.json,已安装依赖，含开发依赖；分发范围需结合锁文件和安装包确认
tmp-promise,3.0.3,MIT,node_modules/tmp-promise/package.json,已安装依赖，含开发依赖；分发范围需结合锁文件和安装包确认
to-fast-properties,2.0.0,MIT,node_modules/to-fast-properties/package.json,已安装依赖，含开发依赖；分发范围需结合锁文件和安装包确认
to-object-path,0.3.0,MIT,node_modules/to-object-path/package.json,已安装依赖，含开发依赖；分发范围需结合锁文件和安装包确认
to-readable-stream,1.0.0,MIT,node_modules/to-readable-stream/package.json,已安装依赖，含开发依赖；分发范围需结合锁文件和安装包确认
to-regex,3.0.2,MIT,node_modules/to-regex/package.json,已安装依赖，含开发依赖；分发范围需结合锁文件和安装包确认
to-regex-range,2.1.1,MIT,node_modules/micromatch/node_modules/to-regex-range/package.json,已安装依赖，含开发依赖；分发范围需结合锁文件和安装包确认
to-regex-range,2.1.1,MIT,node_modules/webpack-dev-server/node_modules/to-regex-range/package.json,已安装依赖，含开发依赖；分发范围需结合锁文件和安装包确认
to-regex-range,5.0.1,MIT,node_modules/to-regex-range/package.json,已安装依赖，含开发依赖；分发范围需结合锁文件和安装包确认
toidentifier,1.0.1,MIT,node_modules/toidentifier/package.json,已安装依赖，含开发依赖；分发范围需结合锁文件和安装包确认
tough-cookie,2.5.0,BSD-3-Clause,node_modules/tough-cookie/package.json,已安装依赖，含开发依赖；分发范围需结合锁文件和安装包确认
tr46,0.0.3,MIT,node_modules/tr46/package.json,已安装依赖，含开发依赖；分发范围需结合锁文件和安装包确认
tree-kill,1.2.2,MIT,node_modules/tree-kill/package.json,已安装依赖，含开发依赖；分发范围需结合锁文件和安装包确认
trim,0.0.1,未声明,node_modules/trim/package.json,已安装依赖，含开发依赖；分发范围需结合锁文件和安装包确认
trim-newlines,1.0.0,MIT,node_modules/trim-newlines/package.json,已安装依赖，含开发依赖；分发范围需结合锁文件和安装包确认
trim-newlines,2.0.0,MIT,node_modules/prettier-stylelint/node_modules/trim-newlines/package.json,已安装依赖，含开发依赖；分发范围需结合锁文件和安装包确认
trim-newlines,3.0.0,MIT,node_modules/stylelint/node_modules/trim-newlines/package.json,已安装依赖，含开发依赖；分发范围需结合锁文件和安装包确认
trim-trailing-lines,1.1.4,MIT,node_modules/trim-trailing-lines/package.json,已安装依赖，含开发依赖；分发范围需结合锁文件和安装包确认
trough,1.0.5,MIT,node_modules/trough/package.json,已安装依赖，含开发依赖；分发范围需结合锁文件和安装包确认
truncate-utf8-bytes,1.0.2,WTFPL,node_modules/truncate-utf8-bytes/package.json,已安装依赖，含开发依赖；分发范围需结合锁文件和安装包确认
tryer,1.0.1,MIT,node_modules/tryer/package.json,已安装依赖，含开发依赖；分发范围需结合锁文件和安装包确认
tsconfig-paths,3.14.1,MIT,node_modules/tsconfig-paths/package.json,已安装依赖，含开发依赖；分发范围需结合锁文件和安装包确认
tslib,1.14.1,0BSD,node_modules/tslib/package.json,已安装依赖，含开发依赖；分发范围需结合锁文件和安装包确认
tslib,2.3.1,0BSD,node_modules/electron-devtools-installer/node_modules/tslib/package.json,已安装依赖，含开发依赖；分发范围需结合锁文件和安装包确认
tslib,2.3.1,0BSD,node_modules/listr2/node_modules/tslib/package.json,已安装依赖，含开发依赖；分发范围需结合锁文件和安装包确认
tslib,2.3.1,0BSD,node_modules/rxjs/node_modules/tslib/package.json,已安装依赖，含开发依赖；分发范围需结合锁文件和安装包确认
tslib,2.4.1,0BSD,node_modules/@sentry/electron/node_modules/tslib/package.json,已安装依赖，含开发依赖；分发范围需结合锁文件和安装包确认
tslib,2.4.1,0BSD,node_modules/camel-case/node_modules/tslib/package.json,已安装依赖，含开发依赖；分发范围需结合锁文件和安装包确认
tslib,2.4.1,0BSD,node_modules/dot-case/node_modules/tslib/package.json,已安装依赖，含开发依赖；分发范围需结合锁文件和安装包确认
tslib,2.4.1,0BSD,node_modules/lower-case/node_modules/tslib/package.json,已安装依赖，含开发依赖；分发范围需结合锁文件和安装包确认
tslib,2.4.1,0BSD,node_modules/no-case/node_modules/tslib/package.json,已安装依赖，含开发依赖；分发范围需结合锁文件和安装包确认
tslib,2.4.1,0BSD,node_modules/param-case/node_modules/tslib/package.json,已安装依赖，含开发依赖；分发范围需结合锁文件和安装包确认
tslib,2.4.1,0BSD,node_modules/pascal-case/node_modules/tslib/package.json,已安装依赖，含开发依赖；分发范围需结合锁文件和安装包确认
tunnel,0.0.6,MIT,node_modules/tunnel/package.json,已安装依赖，含开发依赖；分发范围需结合锁文件和安装包确认
tunnel-agent,0.6.0,Apache-2.0,node_modules/tunnel-agent/package.json,已安装依赖，含开发依赖；分发范围需结合锁文件和安装包确认
tweetnacl,0.14.5,Unlicense,node_modules/tweetnacl/package.json,已安装依赖，含开发依赖；分发范围需结合锁文件和安装包确认
type-check,0.4.0,MIT,node_modules/type-check/package.json,已安装依赖，含开发依赖；分发范围需结合锁文件和安装包确认
type-fest,0.11.0,(MIT OR CC0-1.0),node_modules/ansi-escapes/node_modules/type-fest/package.json,已安装依赖，含开发依赖；分发范围需结合锁文件和安装包确认
type-fest,0.13.1,(MIT OR CC0-1.0),node_modules/serialize-error/node_modules/type-fest/package.json,已安装依赖，含开发依赖；分发范围需结合锁文件和安装包确认
type-fest,0.18.1,(MIT OR CC0-1.0),node_modules/stylelint/node_modules/type-fest/package.json,已安装依赖，含开发依赖；分发范围需结合锁文件和安装包确认
type-fest,0.20.2,(MIT OR CC0-1.0),node_modules/type-fest/package.json,已安装依赖，含开发依赖；分发范围需结合锁文件和安装包确认
type-fest,0.6.0,(MIT OR CC0-1.0),node_modules/stylelint/node_modules/read-pkg/node_modules/type-fest/package.json,已安装依赖，含开发依赖；分发范围需结合锁文件和安装包确认
type-fest,0.8.1,(MIT OR CC0-1.0),node_modules/stylelint/node_modules/read-pkg-up/node_modules/type-fest/package.json,已安装依赖，含开发依赖；分发范围需结合锁文件和安装包确认
type-is,1.6.18,MIT,node_modules/type-is/package.json,已安装依赖，含开发依赖；分发范围需结合锁文件和安装包确认
typed-emitter,2.1.0,MIT,node_modules/typed-emitter/package.json,已安装依赖，含开发依赖；分发范围需结合锁文件和安装包确认
typedarray,0.0.6,MIT,node_modules/typedarray/package.json,已安装依赖，含开发依赖；分发范围需结合锁文件和安装包确认
typedarray-to-buffer,3.1.5,MIT,node_modules/typedarray-to-buffer/package.json,已安装依赖，含开发依赖；分发范围需结合锁文件和安装包确认
unbox-primitive,1.0.1,MIT,node_modules/unbox-primitive/package.json,已安装依赖，含开发依赖；分发范围需结合锁文件和安装包确认
unbox-primitive,1.0.2,MIT,node_modules/array-includes/node_modules/unbox-primitive/package.json,已安装依赖，含开发依赖；分发范围需结合锁文件和安装包确认
unbox-primitive,1.0.2,MIT,node_modules/array.prototype.flatmap/node_modules/unbox-primitive/package.json,已安装依赖，含开发依赖；分发范围需结合锁文件和安装包确认
unbox-primitive,1.0.2,MIT,node_modules/object.hasown/node_modules/unbox-primitive/package.json,已安装依赖，含开发依赖；分发范围需结合锁文件和安装包确认
unbox-primitive,1.0.2,MIT,node_modules/string.prototype.matchall/node_modules/unbox-primitive/package.json,已安装依赖，含开发依赖；分发范围需结合锁文件和安装包确认
unherit,1.1.3,MIT,node_modules/unherit/package.json,已安装依赖，含开发依赖；分发范围需结合锁文件和安装包确认
unicode-canonical-property-names-ecmascript,1.0.4,MIT,node_modules/@babel/preset-modules/node_modules/unicode-canonical-property-names-ecmascript/package.json,已安装依赖，含开发依赖；分发范围需结合锁文件和安装包确认
unicode-canonical-property-names-ecmascript,2.0.0,MIT,node_modules/unicode-canonical-property-names-ecmascript/package.json,已安装依赖，含开发依赖；分发范围需结合锁文件和安装包确认
unicode-match-property-ecmascript,1.0.4,MIT,node_modules/@babel/preset-modules/node_modules/unicode-match-property-ecmascript/package.json,已安装依赖，含开发依赖；分发范围需结合锁文件和安装包确认
unicode-match-property-ecmascript,2.0.0,MIT,node_modules/unicode-match-property-ecmascript/package.json,已安装依赖，含开发依赖；分发范围需结合锁文件和安装包确认
unicode-match-property-value-ecmascript,1.2.0,MIT,node_modules/@babel/preset-modules/node_modules/unicode-match-property-value-ecmascript/package.json,已安装依赖，含开发依赖；分发范围需结合锁文件和安装包确认
unicode-match-property-value-ecmascript,2.0.0,MIT,node_modules/unicode-match-property-value-ecmascript/package.json,已安装依赖，含开发依赖；分发范围需结合锁文件和安装包确认
unicode-property-aliases-ecmascript,1.1.0,MIT,node_modules/@babel/preset-modules/node_modules/unicode-property-aliases-ecmascript/package.json,已安装依赖，含开发依赖；分发范围需结合锁文件和安装包确认
unicode-property-aliases-ecmascript,2.1.0,MIT,node_modules/unicode-property-aliases-ecmascript/package.json,已安装依赖，含开发依赖；分发范围需结合锁文件和安装包确认
unified,6.2.0,MIT,node_modules/unified/package.json,已安装依赖，含开发依赖；分发范围需结合锁文件和安装包确认
union-value,1.0.1,MIT,node_modules/union-value/package.json,已安装依赖，含开发依赖；分发范围需结合锁文件和安装包确认
uniq,1.0.1,MIT,node_modules/uniq/package.json,已安装依赖，含开发依赖；分发范围需结合锁文件和安装包确认
unique-string,1.0.0,MIT,node_modules/unique-string/package.json,已安装依赖，含开发依赖；分发范围需结合锁文件和安装包确认
unique-string,2.0.0,MIT,node_modules/electron-builder/node_modules/unique-string/package.json,已安装依赖，含开发依赖；分发范围需结合锁文件和安装包确认
unist-util-find-all-after,1.0.5,MIT,node_modules/unist-util-find-all-after/package.json,已安装依赖，含开发依赖；分发范围需结合锁文件和安装包确认
unist-util-is,3.0.0,MIT,node_modules/unist-util-is/package.json,已安装依赖，含开发依赖；分发范围需结合锁文件和安装包确认
unist-util-remove-position,1.1.4,MIT,node_modules/unist-util-remove-position/package.json,已安装依赖，含开发依赖；分发范围需结合锁文件和安装包确认
unist-util-stringify-position,1.1.2,MIT,node_modules/unist-util-stringify-position/package.json,已安装依赖，含开发依赖；分发范围需结合锁文件和安装包确认
unist-util-visit,1.4.1,MIT,node_modules/unist-util-visit/package.json,已安装依赖，含开发依赖；分发范围需结合锁文件和安装包确认
unist-util-visit-parents,2.1.2,MIT,node_modules/unist-util-visit-parents/package.json,已安装依赖，含开发依赖；分发范围需结合锁文件和安装包确认
universalify,0.1.2,MIT,node_modules/@electron/get/node_modules/universalify/package.json,已安装依赖，含开发依赖；分发范围需结合锁文件和安装包确认
universalify,0.1.2,MIT,node_modules/electron-download/node_modules/universalify/package.json,已安装依赖，含开发依赖；分发范围需结合锁文件和安装包确认
universalify,1.0.0,MIT,node_modules/@electron/notarize/node_modules/universalify/package.json,已安装依赖，含开发依赖；分发范围需结合锁文件和安装包确认
universalify,1.0.0,MIT,node_modules/@electron/universal/node_modules/universalify/package.json,已安装依赖，含开发依赖；分发范围需结合锁文件和安装包确认
universalify,2.0.0,MIT,node_modules/universalify/package.json,已安装依赖，含开发依赖；分发范围需结合锁文件和安装包确认
unpipe,1.0.0,MIT,node_modules/unpipe/package.json,已安装依赖，含开发依赖；分发范围需结合锁文件和安装包确认
unset-value,1.0.0,MIT,node_modules/unset-value/package.json,已安装依赖，含开发依赖；分发范围需结合锁文件和安装包确认
unzip-crx-3,0.2.0,MIT,node_modules/unzip-crx-3/package.json,已安装依赖，含开发依赖；分发范围需结合锁文件和安装包确认
unzip-response,2.0.1,MIT,node_modules/unzip-response/package.json,已安装依赖，含开发依赖；分发范围需结合锁文件和安装包确认
upath,1.2.0,MIT,node_modules/upath/package.json,已安装依赖，含开发依赖；分发范围需结合锁文件和安装包确认
update-browserslist-db,1.0.10,MIT,node_modules/@babel/helper-compilation-targets/node_modules/update-browserslist-db/package.json,已安装依赖，含开发依赖；分发范围需结合锁文件和安装包确认
update-browserslist-db,1.0.10,MIT,node_modules/core-js-compat/node_modules/update-browserslist-db/package.json,已安装依赖，含开发依赖；分发范围需结合锁文件和安装包确认
update-browserslist-db,1.0.13,MIT,node_modules/webpack/node_modules/update-browserslist-db/package.json,已安装依赖，含开发依赖；分发范围需结合锁文件和安装包确认
update-notifier,2.5.0,BSD-2-Clause,node_modules/update-notifier/package.json,已安装依赖，含开发依赖；分发范围需结合锁文件和安装包确认
update-notifier,5.1.0,BSD-2-Clause,node_modules/electron-builder/node_modules/update-notifier/package.json,已安装依赖，含开发依赖；分发范围需结合锁文件和安装包确认
uri-js,4.4.0,BSD-2-Clause,node_modules/uri-js/package.json,已安装依赖，含开发依赖；分发范围需结合锁文件和安装包确认
urix,0.1.0,MIT,node_modules/urix/package.json,已安装依赖，含开发依赖；分发范围需结合锁文件和安装包确认
url,0.11.0,MIT,node_modules/url/package.json,已安装依赖，含开发依赖；分发范围需结合锁文件和安装包确认
url-loader,4.1.1,MIT,node_modules/url-loader/package.json,已安装依赖，含开发依赖；分发范围需结合锁文件和安装包确认
url-parse,1.5.10,MIT,node_modules/url-parse/package.json,已安装依赖，含开发依赖；分发范围需结合锁文件和安装包确认
url-parse-lax,1.0.0,MIT,node_modules/package-json/node_modules/url-parse-lax/package.json,已安装依赖，含开发依赖；分发范围需结合锁文件和安装包确认
url-parse-lax,3.0.0,MIT,node_modules/url-parse-lax/package.json,已安装依赖，含开发依赖；分发范围需结合锁文件和安装包确认
usb-detection,4.14.1,MIT,node_modules/usb-detection/package.json,已安装依赖，含开发依赖；分发范围需结合锁文件和安装包确认
use,3.1.1,MIT,node_modules/use/package.json,已安装依赖，含开发依赖；分发范围需结合锁文件和安装包确认
utf8-byte-length,1.0.4,WTFPL,node_modules/utf8-byte-length/package.json,已安装依赖，含开发依赖；分发范围需结合锁文件和安装包确认
util,0.10.4,MIT,node_modules/path/node_modules/util/package.json,已安装依赖，含开发依赖；分发范围需结合锁文件和安装包确认
util,0.12.4,MIT,node_modules/util/package.json,已安装依赖，含开发依赖；分发范围需结合锁文件和安装包确认
util-deprecate,1.0.2,MIT,node_modules/util-deprecate/package.json,已安装依赖，含开发依赖；分发范围需结合锁文件和安装包确认
utila,0.4.0,MIT,node_modules/utila/package.json,已安装依赖，含开发依赖；分发范围需结合锁文件和安装包确认
utils-merge,1.0.1,MIT,node_modules/utils-merge/package.json,已安装依赖，含开发依赖；分发范围需结合锁文件和安装包确认
uuid,10.0.0,MIT,node_modules/uuid/package.json,已安装依赖，含开发依赖；分发范围需结合锁文件和安装包确认
uuid,3.4.0,MIT,node_modules/request/node_modules/uuid/package.json,已安装依赖，含开发依赖；分发范围需结合锁文件和安装包确认
uuid,3.4.0,MIT,node_modules/temp-write/node_modules/uuid/package.json,已安装依赖，含开发依赖；分发范围需结合锁文件和安装包确认
uuid,3.4.0,MIT,node_modules/webpack-log/node_modules/uuid/package.json,已安装依赖，含开发依赖；分发范围需结合锁文件和安装包确认
uuid,8.3.2,MIT,node_modules/sockjs/node_modules/uuid/package.json,已安装依赖，含开发依赖；分发范围需结合锁文件和安装包确认
v8-compile-cache,2.3.0,MIT,node_modules/v8-compile-cache/package.json,已安装依赖，含开发依赖；分发范围需结合锁文件和安装包确认
validate-color,2.1.1,MIT,node_modules/validate-color/package.json,已安装依赖，含开发依赖；分发范围需结合锁文件和安装包确认
validate-npm-package-license,3.0.4,Apache-2.0,node_modules/validate-npm-package-license/package.json,已安装依赖，含开发依赖；分发范围需结合锁文件和安装包确认
value-equal,1.0.1,MIT,node_modules/value-equal/package.json,已安装依赖，含开发依赖；分发范围需结合锁文件和安装包确认
vary,1.1.2,MIT,node_modules/vary/package.json,已安装依赖，含开发依赖；分发范围需结合锁文件和安装包确认
verror,1.10.0,MIT,node_modules/jsprim/node_modules/verror/package.json,已安装依赖，含开发依赖；分发范围需结合锁文件和安装包确认
verror,1.10.1,MIT,node_modules/verror/package.json,已安装依赖，含开发依赖；分发范围需结合锁文件和安装包确认
vfile,2.3.0,MIT,node_modules/vfile/package.json,已安装依赖，含开发依赖；分发范围需结合锁文件和安装包确认
vfile-location,2.0.6,MIT,node_modules/vfile-location/package.json,已安装依赖，含开发依赖；分发范围需结合锁文件和安装包确认
vfile-message,1.1.1,MIT,node_modules/vfile-message/package.json,已安装依赖，含开发依赖；分发范围需结合锁文件和安装包确认
warning,4.0.3,MIT,node_modules/warning/package.json,已安装依赖，含开发依赖；分发范围需结合锁文件和安装包确认
watchpack,2.4.1,MIT,node_modules/watchpack/package.json,已安装依赖，含开发依赖；分发范围需结合锁文件和安装包确认
wbuf,1.7.3,MIT,node_modules/wbuf/package.json,已安装依赖，含开发依赖；分发范围需结合锁文件和安装包确认
web-streams-polyfill,3.2.1,MIT,node_modules/web-streams-polyfill/package.json,已安装依赖，含开发依赖；分发范围需结合锁文件和安装包确认
webidl-conversions,3.0.1,BSD-2-Clause,node_modules/webidl-conversions/package.json,已安装依赖，含开发依赖；分发范围需结合锁文件和安装包确认
webpack,5.91.0,MIT,node_modules/webpack/package.json,已安装依赖，含开发依赖；分发范围需结合锁文件和安装包确认
webpack-bundle-analyzer,3.9.0,MIT,node_modules/webpack-bundle-analyzer/package.json,已安装依赖，含开发依赖；分发范围需结合锁文件和安装包确认
webpack-cli,4.10.0,MIT,node_modules/webpack-cli/package.json,已安装依赖，含开发依赖；分发范围需结合锁文件和安装包确认
webpack-dev-middleware,3.7.3,MIT,node_modules/webpack-dev-middleware/package.json,已安装依赖，含开发依赖；分发范围需结合锁文件和安装包确认
webpack-dev-server,3.11.3,MIT,node_modules/webpack-dev-server/package.json,已安装依赖，含开发依赖；分发范围需结合锁文件和安装包确认
webpack-log,2.0.0,MIT,node_modules/webpack-log/package.json,已安装依赖，含开发依赖；分发范围需结合锁文件和安装包确认
webpack-merge,5.8.0,MIT,node_modules/webpack-merge/package.json,已安装依赖，含开发依赖；分发范围需结合锁文件和安装包确认
webpack-sources,1.4.3,MIT,node_modules/last-call-webpack-plugin/node_modules/webpack-sources/package.json,已安装依赖，含开发依赖；分发范围需结合锁文件和安装包确认
webpack-sources,3.2.3,MIT,node_modules/webpack-sources/package.json,已安装依赖，含开发依赖；分发范围需结合锁文件和安装包确认
websocket-driver,0.7.4,Apache-2.0,node_modules/websocket-driver/package.json,已安装依赖，含开发依赖；分发范围需结合锁文件和安装包确认
websocket-extensions,0.1.4,Apache-2.0,node_modules/websocket-extensions/package.json,已安装依赖，含开发依赖；分发范围需结合锁文件和安装包确认
whatwg-url,5.0.0,MIT,node_modules/whatwg-url/package.json,已安装依赖，含开发依赖；分发范围需结合锁文件和安装包确认
which,1.3.1,ISC,node_modules/default-gateway/node_modules/which/package.json,已安装依赖，含开发依赖；分发范围需结合锁文件和安装包确认
which,1.3.1,ISC,node_modules/global-prefix/node_modules/which/package.json,已安装依赖，含开发依赖；分发范围需结合锁文件和安装包确认
which,1.3.1,ISC,node_modules/term-size/node_modules/which/package.json,已安装依赖，含开发依赖；分发范围需结合锁文件和安装包确认
which,2.0.2,ISC,node_modules/which/package.json,已安装依赖，含开发依赖；分发范围需结合锁文件和安装包确认
which-boxed-primitive,1.0.2,MIT,node_modules/which-boxed-primitive/package.json,已安装依赖，含开发依赖；分发范围需结合锁文件和安装包确认
which-module,2.0.0,ISC,node_modules/which-module/package.json,已安装依赖，含开发依赖；分发范围需结合锁文件和安装包确认
which-pm-runs,1.0.0,MIT,node_modules/which-pm-runs/package.json,已安装依赖，含开发依赖；分发范围需结合锁文件和安装包确认
which-typed-array,1.1.2,MIT,node_modules/which-typed-array/package.json,已安装依赖，含开发依赖；分发范围需结合锁文件和安装包确认
wide-align,1.1.5,ISC,node_modules/wide-align/package.json,已安装依赖，含开发依赖；分发范围需结合锁文件和安装包确认
widest-line,2.0.1,MIT,node_modules/widest-line/package.json,已安装依赖，含开发依赖；分发范围需结合锁文件和安装包确认
widest-line,3.1.0,MIT,node_modules/electron-builder/node_modules/widest-line/package.json,已安装依赖，含开发依赖；分发范围需结合锁文件和安装包确认
wildcard,2.0.0,MIT,node_modules/wildcard/package.json,已安装依赖，含开发依赖；分发范围需结合锁文件和安装包确认
word-wrap,1.2.3,MIT,node_modules/word-wrap/package.json,已安装依赖，含开发依赖；分发范围需结合锁文件和安装包确认
wrap-ansi,5.1.0,MIT,node_modules/yargs/node_modules/wrap-ansi/package.json,已安装依赖，含开发依赖；分发范围需结合锁文件和安装包确认
wrap-ansi,6.2.0,MIT,node_modules/log-update/node_modules/wrap-ansi/package.json,已安装依赖，含开发依赖；分发范围需结合锁文件和安装包确认
wrap-ansi,6.2.0,MIT,node_modules/replace/node_modules/wrap-ansi/package.json,已安装依赖，含开发依赖；分发范围需结合锁文件和安装包确认
wrap-ansi,7.0.0,MIT,node_modules/wrap-ansi/package.json,已安装依赖，含开发依赖；分发范围需结合锁文件和安装包确认
wrappy,1.0.2,ISC,node_modules/wrappy/package.json,已安装依赖，含开发依赖；分发范围需结合锁文件和安装包确认
write,0.2.1,MIT,node_modules/write/package.json,已安装依赖，含开发依赖；分发范围需结合锁文件和安装包确认
write-file-atomic,2.4.3,ISC,node_modules/configstore/node_modules/write-file-atomic/package.json,已安装依赖，含开发依赖；分发范围需结合锁文件和安装包确认
write-file-atomic,3.0.3,ISC,node_modules/electron-builder/node_modules/write-file-atomic/package.json,已安装依赖，含开发依赖；分发范围需结合锁文件和安装包确认
write-file-atomic,4.0.2,ISC,node_modules/write-file-atomic/package.json,已安装依赖，含开发依赖；分发范围需结合锁文件和安装包确认
ws,6.2.2,MIT,node_modules/ws/package.json,已安装依赖，含开发依赖；分发范围需结合锁文件和安装包确认
x-is-string,0.1.0,"[{""type"": ""MIT"", ""url"": ""http://github.com/Matt-Esch/x-is-string/raw/master/LICENSE""}]",node_modules/x-is-string/package.json,已安装依赖，含开发依赖；分发范围需结合锁文件和安装包确认
xdg-basedir,3.0.0,MIT,node_modules/xdg-basedir/package.json,已安装依赖，含开发依赖；分发范围需结合锁文件和安装包确认
xdg-basedir,4.0.0,MIT,node_modules/electron-builder/node_modules/xdg-basedir/package.json,已安装依赖，含开发依赖；分发范围需结合锁文件和安装包确认
xmlbuilder,15.1.1,MIT,node_modules/xmlbuilder/package.json,已安装依赖，含开发依赖；分发范围需结合锁文件和安装包确认
xmlbuilder,9.0.7,MIT,node_modules/plist/node_modules/xmlbuilder/package.json,已安装依赖，含开发依赖；分发范围需结合锁文件和安装包确认
xtend,2.1.2,"[{""type"": ""MIT"", ""url"": ""http://github.com/raynos/xtend/raw/master/LICENSE""}]",node_modules/progress-stream/node_modules/xtend/package.json,已安装依赖，含开发依赖；分发范围需结合锁文件和安装包确认
xtend,4.0.2,MIT,node_modules/xtend/package.json,已安装依赖，含开发依赖；分发范围需结合锁文件和安装包确认
y18n,4.0.0,ISC,node_modules/y18n/package.json,已安装依赖，含开发依赖；分发范围需结合锁文件和安装包确认
y18n,5.0.8,ISC,node_modules/concurrently/node_modules/y18n/package.json,已安装依赖，含开发依赖；分发范围需结合锁文件和安装包确认
y18n,5.0.8,ISC,node_modules/electron-builder/node_modules/y18n/package.json,已安装依赖，含开发依赖；分发范围需结合锁文件和安装包确认
yaku,0.16.7,MIT,node_modules/yaku/package.json,已安装依赖，含开发依赖；分发范围需结合锁文件和安装包确认
yallist,2.1.2,ISC,node_modules/term-size/node_modules/yallist/package.json,已安装依赖，含开发依赖；分发范围需结合锁文件和安装包确认
yallist,4.0.0,ISC,node_modules/yallist/package.json,已安装依赖，含开发依赖；分发范围需结合锁文件和安装包确认
yaml,1.10.0,ISC,node_modules/yaml/package.json,已安装依赖，含开发依赖；分发范围需结合锁文件和安装包确认
yaml,1.10.2,ISC,node_modules/optimize-css-assets-webpack-plugin/node_modules/yaml/package.json,已安装依赖，含开发依赖；分发范围需结合锁文件和安装包确认
yaml,1.10.2,ISC,node_modules/zx/node_modules/yaml/package.json,已安装依赖，含开发依赖；分发范围需结合锁文件和安装包确认
yaml,2.1.3,ISC,node_modules/lint-staged/node_modules/yaml/package.json,已安装依赖，含开发依赖；分发范围需结合锁文件和安装包确认
yargs,13.3.2,MIT,node_modules/yargs/package.json,已安装依赖，含开发依赖；分发范围需结合锁文件和安装包确认
yargs,15.4.1,MIT,node_modules/replace/node_modules/yargs/package.json,已安装依赖，含开发依赖；分发范围需结合锁文件和安装包确认
yargs,17.3.1,MIT,node_modules/electron-builder/node_modules/yargs/package.json,已安装依赖，含开发依赖；分发范围需结合锁文件和安装包确认
yargs,17.5.1,MIT,node_modules/concurrently/node_modules/yargs/package.json,已安装依赖，含开发依赖；分发范围需结合锁文件和安装包确认
yargs-parser,13.1.2,ISC,node_modules/yargs/node_modules/yargs-parser/package.json,已安装依赖，含开发依赖；分发范围需结合锁文件和安装包确认
yargs-parser,18.1.3,ISC,node_modules/replace/node_modules/yargs-parser/package.json,已安装依赖，含开发依赖；分发范围需结合锁文件和安装包确认
yargs-parser,20.2.4,ISC,node_modules/stylelint/node_modules/yargs-parser/package.json,已安装依赖，含开发依赖；分发范围需结合锁文件和安装包确认
yargs-parser,21.0.0,ISC,node_modules/yargs-parser/package.json,已安装依赖，含开发依赖；分发范围需结合锁文件和安装包确认
yarn,1.22.17,BSD-2-Clause,node_modules/yarn/package.json,已安装依赖，含开发依赖；分发范围需结合锁文件和安装包确认
yauzl,2.10.0,MIT,node_modules/yauzl/package.json,已安装依赖，含开发依赖；分发范围需结合锁文件和安装包确认
yocto-queue,1.0.0,MIT,node_modules/yocto-queue/package.json,已安装依赖，含开发依赖；分发范围需结合锁文件和安装包确认
zlib,1.0.5,"[{""type"": ""BSD""}]",node_modules/zlib/package.json,已安装依赖，含开发依赖；分发范围需结合锁文件和安装包确认
zx,5.0.0,Apache-2.0,node_modules/zx/package.json,已安装依赖，含开发依赖；分发范围需结合锁文件和安装包确认
